No,Order ID,Instrument/ISIN,Direction,Quantity,Price,Total amount,Trading day,Trading time,Commission,Charges and fees,Order Type,Execution venue,Exchange rate,Total cost
1,POS496517234,TWLO/US90138F1021,Buy,0.1548083,322.98 USD,50 USD,20-10-2020,14:16:12,0 USD,0 USD,MARKET,Over the Counter (OTC),1,50 USD
2,POS496517234,TWLO/US90138F1021,Buy,0.1563623,319.77 USD,50 USD,20-10-2020,14:44:52,0 USD,0 USD,MARKET,Over the Counter (OTC),1,50 USD
3,POS496517234,TWLO/US90138F1021,Buy,0.1588108,314.84 USD,50 USD,20-10-2020,16:19:26,0 USD,0 USD,MARKET,Over the Counter (OTC),1,50 USD
1,POS493458446,STOR/US8621211007,Buy,3.702332,27.01 USD,100 USD,19-10-2020,13:40:54,0 USD,0 USD,MARKET,Over the Counter (OTC),1,100 USD
2,POS495645389,T/US00206R1023,Buy,9.137426,27.36 USD,250 USD,19-10-2020,13:42:50,0 USD,0 USD,MARKET,Over the Counter (OTC),1,250 USD
3,POS495650657,ABBV/US00287Y1091,Buy,1.160362,86.18 USD,100 USD,19-10-2020,13:43:22,0 USD,0 USD,MARKET,Over the Counter (OTC),1,100 USD
4,POS495663225,VZ/US92343V1044,Buy,2.579092,58.16 USD,150 USD,19-10-2020,13:44:41,0 USD,0 USD,MARKET,Over the Counter (OTC),1,150 USD
5,POS495668067,PEP/US7134481081,Buy,0.3517658,142.14 USD,50 USD,19-10-2020,13:45:12,0 USD,0 USD,MARKET,Over the Counter (OTC),1,50 USD
6,POS462187958,PTON/US70614W1009,Buy,0.3895901,128.34 USD,50 USD,19-10-2020,13:56:39,0 USD,0 USD,MARKET,Over the Counter (OTC),1,50 USD
7,POS495645389,T/US00206R1023,Buy,3.687315,27.12 USD,100 USD,19-10-2020,14:34:00,0 USD,0 USD,MARKET,Over the Counter (OTC),1,100 USD
8,POS496257275,TGT/US87612E1064,Buy,0.2938706,166.74 USD,49 USD,19-10-2020,15:14:01,0 USD,0 USD,MARKET,Over the Counter (OTC),1,49 USD
9,POS496257312,D/US25746U1097,Buy,0.601965,81.4 USD,49 USD,19-10-2020,15:14:01,0 USD,0 USD,MARKET,Over the Counter (OTC),1,49 USD
10,POS496257319,DUK/US26441C2044,Buy,0.529672,92.51 USD,49 USD,19-10-2020,15:14:01,0 USD,0 USD,MARKET,Over the Counter (OTC),1,49 USD
11,POS496257327,HD/US4370761029,Buy,0.1696793,288.78 USD,49 USD,19-10-2020,15:14:01,0 USD,0 USD,MARKET,Over the Counter (OTC),1,49 USD
12,POS496257906,SO/US8425871071,Buy,0.836177,58.6 USD,49 USD,19-10-2020,15:14:08,0 USD,0 USD,MARKET,Over the Counter (OTC),1,49 USD
13,POS496257950,WM/US94106L1098,Buy,0.4257537,115.09 USD,49 USD,19-10-2020,15:14:08,0 USD,0 USD,MARKET,Over the Counter (OTC),1,49 USD
14,POS496258419,NEE/US65339F1012,Buy,0.1834862,305.2 USD,56 USD,19-10-2020,15:14:15,0 USD,0 USD,MARKET,Over the Counter (OTC),1,56 USD
15,POS440278579,AAPL/US0378331005,Buy,1.6802486,119.03 USD,200 USD,19-10-2020,15:53:38,0 USD,0 USD,MARKET,Over the Counter (OTC),1,200 USD
16,POS496517234,TWLO/US90138F1021,Buy,0.1474838,335.63 USD,49.5 USD,19-10-2020,16:04:27,0 USD,0 USD,MARKET,Over the Counter (OTC),1,49.5 USD
17,POS496517274,DOCU/US2561631068,Buy,0.2166985,235.35 USD,51 USD,19-10-2020,16:04:27,0 USD,0 USD,MARKET,Over the Counter (OTC),1,51 USD
18,POS496517435,SHOP/CA82509L1076,Buy,0.04562464,1084.94 USD,49.5 USD,19-10-2020,16:04:29,0 USD,0 USD,MARKET,Over the Counter (OTC),1,49.5 USD
19,POS495650657,ABBV/US00287Y1091,Buy,1.176332,85.01 USD,100 USD,19-10-2020,16:35:05,0 USD,0 USD,MARKET,Over the Counter (OTC),1,100 USD
20,POS493456560,O/US7561091049,Buy,1.686056,59.31 USD,100 USD,19-10-2020,16:35:23,0 USD,0 USD,MARKET,Over the Counter (OTC),1,100 USD
21,POS495645389,T/US00206R1023,Buy,1.850481,27.02 USD,50 USD,19-10-2020,17:04:56,0 USD,0 USD,MARKET,Over the Counter (OTC),1,50 USD
22,POS440278788,COST/US22160K1051,Buy,0.1316898,379.68 USD,50 USD,19-10-2020,17:07:45,0 USD,0 USD,MARKET,Over the Counter (OTC),1,50 USD
23,POS496517274,DOCU/US2561631068,Buy,0.2158242,231.67 USD,50 USD,19-10-2020,17:52:57,0 USD,0 USD,MARKET,Over the Counter (OTC),1,50 USD
24,POS495668067,PEP/US7134481081,Buy,0.1779612,140.48 USD,25 USD,19-10-2020,17:53:25,0 USD,0 USD,MARKET,Over the Counter (OTC),1,25 USD
25,POS496258419,NEE/US65339F1012,Buy,0.1665944,300.13 USD,50 USD,19-10-2020,18:36:06,0 USD,0 USD,MARKET,Over the Counter (OTC),1,50 USD
26,POS495645389,T/US00206R1023,Buy,3.718854,26.89 USD,100 USD,19-10-2020,18:38:42,0 USD,0 USD,MARKET,Over the Counter (OTC),1,100 USD
27,POS495650657,ABBV/US00287Y1091,Buy,1.181893,84.61 USD,100 USD,19-10-2020,18:38:54,0 USD,0 USD,MARKET,Over the Counter (OTC),1,100 USD
28,POS496517274,DOCU/US2561631068,Buy,0.2172401,230.16 USD,50 USD,19-10-2020,18:55:25,0 USD,0 USD,MARKET,Over the Counter (OTC),1,50 USD
29,POS440279054,JNJ/US4781601046,Buy,0.3453277,144.79 USD,50 USD,19-10-2020,18:55:34,0 USD,0 USD,MARKET,Over the Counter (OTC),1,50 USD
30,POS493456560,O/US7561091049,Buy,0.849473,58.86 USD,50 USD,19-10-2020,18:55:46,0 USD,0 USD,MARKET,Over the Counter (OTC),1,50 USD
31,POS440278788,COST/US22160K1051,Buy,0.013313,375.57 USD,5 USD,19-10-2020,19:09:50,0 USD,0 USD,MARKET,Over the Counter (OTC),1,5 USD
32,POS496257312,D/US25746U1097,Buy,0.024721,80.9 USD,2 USD,19-10-2020,19:09:50,0 USD,0 USD,MARKET,Over the Counter (OTC),1,2 USD
33,POS440279054,JNJ/US4781601046,Buy,0.0276453,144.69 USD,4 USD,19-10-2020,19:09:50,0 USD,0 USD,MARKET,Over the Counter (OTC),1,4 USD
34,POS440279017,MA/US57636Q1040,Buy,0.0090282,332.29 USD,3 USD,19-10-2020,19:09:50,0 USD,0 USD,MARKET,Over the Counter (OTC),1,3 USD
35,POS440278819,NKE/US6541061031,Buy,0.023546,127.41 USD,3 USD,19-10-2020,19:09:50,0 USD,0 USD,MARKET,Over the Counter (OTC),1,3 USD
36,POS440278687,MSFT/US5949181045,Buy,0.0279759,214.47 USD,6 USD,19-10-2020,19:09:50,0 USD,0 USD,MARKET,Over the Counter (OTC),1,6 USD
37,POS496257275,TGT/US87612E1064,Buy,0.0121914,164.05 USD,2 USD,19-10-2020,19:09:50,0 USD,0 USD,MARKET,Over the Counter (OTC),1,2 USD
38,POS496257319,DUK/US26441C2044,Buy,0.021727,92.05 USD,2 USD,19-10-2020,19:09:50,0 USD,0 USD,MARKET,Over the Counter (OTC),1,2 USD
39,POS440278862,V/US92826C8394,Buy,0.0152222,197.08 USD,3 USD,19-10-2020,19:09:50,0 USD,0 USD,MARKET,Over the Counter (OTC),1,3 USD
40,POS496257327,HD/US4370761029,Buy,0.0070286,284.55 USD,2 USD,19-10-2020,19:09:50,0 USD,0 USD,MARKET,Over the Counter (OTC),1,2 USD
41,POS493456560,O/US7561091049,Buy,0.169491,59 USD,10 USD,19-10-2020,19:09:50,0 USD,0 USD,MARKET,Over the Counter (OTC),1,10 USD
42,POS440278579,AAPL/US0378331005,Buy,0.120048,116.62 USD,14 USD,19-10-2020,19:09:50,0 USD,0 USD,MARKET,Over the Counter (OTC),1,14 USD
43,POS495668067,PEP/US7134481081,Buy,0.0214868,139.62 USD,3 USD,19-10-2020,19:09:51,0 USD,0 USD,MARKET,Over the Counter (OTC),1,3 USD
44,POS496257950,WM/US94106L1098,Buy,0.01757,113.83 USD,2 USD,19-10-2020,19:09:52,0 USD,0 USD,MARKET,Over the Counter (OTC),1,2 USD
45,POS496257906,SO/US8425871071,Buy,0.034358,58.21 USD,2 USD,19-10-2020,19:09:52,0 USD,0 USD,MARKET,Over the Counter (OTC),1,2 USD
46,POS440278774,SBUX/US8552441094,Buy,0.034153,87.84 USD,3 USD,19-10-2020,19:09:52,0 USD,0 USD,MARKET,Over the Counter (OTC),1,3 USD
47,POS495650657,ABBV/US00287Y1091,Buy,0.047354,84.47 USD,4 USD,19-10-2020,19:09:53,0 USD,0 USD,MARKET,Over the Counter (OTC),1,4 USD
48,POS496258419,NEE/US65339F1012,Buy,0.0066923,298.85 USD,2 USD,19-10-2020,19:09:54,0 USD,0 USD,MARKET,Over the Counter (OTC),1,2 USD
49,POS440278632,DIS/US2546871060,Buy,0.0564607,123.98 USD,7 USD,19-10-2020,19:09:55,0 USD,0 USD,MARKET,Over the Counter (OTC),1,7 USD
50,POS440278812,TSLA/US88160R1014,Buy,0.0230728,433.41 USD,10 USD,19-10-2020,19:10:00,0 USD,0 USD,MARKET,Over the Counter (OTC),1,10 USD
51,POS440278862,V/US92826C8394,Buy,0.0202952,197.09 USD,4 USD,19-10-2020,19:10:00,0 USD,0 USD,MARKET,Over the Counter (OTC),1,4 USD
52,POS462187958,PTON/US70614W1009,Buy,0.0380314,131.47 USD,5 USD,19-10-2020,19:10:01,0 USD,0 USD,MARKET,Over the Counter (OTC),1,5 USD
53,POS440279167,SPOT/LU1778762911,Buy,0.0190389,262.62 USD,5 USD,19-10-2020,19:10:01,0 USD,0 USD,MARKET,Over the Counter (OTC),1,5 USD
54,POS440278761,PYPL/US70450Y1038,Buy,0.0199153,200.85 USD,4 USD,19-10-2020,19:10:01,0 USD,0 USD,MARKET,Over the Counter (OTC),1,4 USD
55,POS440278579,AAPL/US0378331005,Buy,0.0428816,116.6 USD,5 USD,19-10-2020,19:10:01,0 USD,0 USD,MARKET,Over the Counter (OTC),1,5 USD
56,POS440278687,MSFT/US5949181045,Buy,0.0233089,214.51 USD,5 USD,19-10-2020,19:10:01,0 USD,0 USD,MARKET,Over the Counter (OTC),1,5 USD
57,POS440278561,AMZN/US0231351067,Buy,0.0018713,3206.32 USD,6 USD,19-10-2020,19:10:01,0 USD,0 USD,MARKET,Over the Counter (OTC),1,6 USD
58,POS440278632,DIS/US2546871060,Buy,0.0403193,124.01 USD,5 USD,19-10-2020,19:10:01,0 USD,0 USD,MARKET,Over the Counter (OTC),1,5 USD
59,POS440278616,FB/US30303M1027,Buy,0.0191887,260.57 USD,5 USD,19-10-2020,19:10:01,0 USD,0 USD,MARKET,Over the Counter (OTC),1,5 USD
60,POS440278554,BABA/US01609W1027,Buy,0.0197076,304.45 USD,6 USD,19-10-2020,19:10:01,0 USD,0 USD,MARKET,Over the Counter (OTC),1,6 USD
61,POS440279017,MA/US57636Q1040,Buy,0.0090328,332.12 USD,3 USD,19-10-2020,19:10:01,0 USD,0 USD,MARKET,Over the Counter (OTC),1,3 USD
62,POS496517435,SHOP/CA82509L1076,Buy,0.00282392,1062.35 USD,3 USD,19-10-2020,19:10:01,0 USD,0 USD,MARKET,Over the Counter (OTC),1,3 USD
63,POS496517274,DOCU/US2561631068,Buy,0.0087233,229.27 USD,2 USD,19-10-2020,19:10:01,0 USD,0 USD,MARKET,Over the Counter (OTC),1,2 USD
64,POS440278735,NFLX/US64110L1061,Buy,0.011249,533.38 USD,6 USD,19-10-2020,19:10:01,0 USD,0 USD,MARKET,Over the Counter (OTC),1,6 USD
65,POS496517234,TWLO/US90138F1021,Buy,0.0121654,328.8 USD,4 USD,19-10-2020,19:10:01,0 USD,0 USD,MARKET,Over the Counter (OTC),1,4 USD
66,POS440278846,CRM/US79466L3024,Buy,0.0156617,255.4 USD,4 USD,19-10-2020,19:10:01,0 USD,0 USD,MARKET,Over the Counter (OTC),1,4 USD
67,POS440278788,COST/US22160K1051,Buy,0.0133127,375.58 USD,5 USD,19-10-2020,19:10:01,0 USD,0 USD,MARKET,Over the Counter (OTC),1,5 USD
68,POS495645389,T/US00206R1023,Buy,0.260513,26.87 USD,7 USD,19-10-2020,19:10:01,0 USD,0 USD,MARKET,Over the Counter (OTC),1,7 USD
69,POS440278547,ADBE/US00724F1012,Buy,0.0060544,495.5 USD,3 USD,19-10-2020,19:10:01,0 USD,0 USD,MARKET,Over the Counter (OTC),1,3 USD
70,POS440278896,SQ/US8522341036,Buy,0.0267293,187.06 USD,5 USD,19-10-2020,19:10:01,0 USD,0 USD,MARKET,Over the Counter (OTC),1,5 USD
71,POS440278645,GOOGL/US02079K3059,Buy,0.00326722,1530.35 USD,5 USD,19-10-2020,19:10:02,0 USD,0 USD,MARKET,Over the Counter (OTC),1,5 USD
72,POS495663225,VZ/US92343V1044,Buy,0.034952,57.22 USD,2 USD,19-10-2020,19:10:04,0 USD,0 USD,MARKET,Over the Counter (OTC),1,2 USD
73,POS493458446,STOR/US8621211007,Buy,0.446262,26.89 USD,12 USD,19-10-2020,19:10:16,0 USD,0 USD,MARKET,Over the Counter (OTC),1,12 USD
74,POS496517435,SHOP/CA82509L1076,Buy,0.04715335,1060.37 USD,50 USD,19-10-2020,19:12:18,0 USD,0 USD,MARKET,Over the Counter (OTC),1,50 USD
75,POS496517234,TWLO/US90138F1021,Buy,0.1521282,328.67 USD,50 USD,19-10-2020,19:12:29,0 USD,0 USD,MARKET,Over the Counter (OTC),1,50 USD
76,POS496257312,D/US25746U1097,Buy,0.024673,81.06 USD,2 USD,19-10-2020,19:44:00,0 USD,0 USD,MARKET,Over the Counter (OTC),1,2 USD
77,POS440278774,SBUX/US8552441094,Buy,0.034238,87.62 USD,3 USD,19-10-2020,19:44:00,0 USD,0 USD,MARKET,Over the Counter (OTC),1,3 USD
78,POS440278687,MSFT/US5949181045,Buy,0.0279524,214.65 USD,6 USD,19-10-2020,19:44:00,0 USD,0 USD,MARKET,Over the Counter (OTC),1,6 USD
79,POS440278632,DIS/US2546871060,Buy,0.0564197,124.07 USD,7 USD,19-10-2020,19:44:00,0 USD,0 USD,MARKET,Over the Counter (OTC),1,7 USD
80,POS495668067,PEP/US7134481081,Buy,0.0214868,139.62 USD,3 USD,19-10-2020,19:44:00,0 USD,0 USD,MARKET,Over the Counter (OTC),1,3 USD
81,POS496258419,NEE/US65339F1012,Buy,0.0066751,299.62 USD,2 USD,19-10-2020,19:44:00,0 USD,0 USD,MARKET,Over the Counter (OTC),1,2 USD
82,POS440279017,MA/US57636Q1040,Buy,0.0090345,332.06 USD,3 USD,19-10-2020,19:44:00,0 USD,0 USD,MARKET,Over the Counter (OTC),1,3 USD
83,POS496257327,HD/US4370761029,Buy,0.0070249,284.7 USD,2 USD,19-10-2020,19:44:00,0 USD,0 USD,MARKET,Over the Counter (OTC),1,2 USD
84,POS440278862,V/US92826C8394,Buy,0.0152091,197.25 USD,3 USD,19-10-2020,19:44:00,0 USD,0 USD,MARKET,Over the Counter (OTC),1,3 USD
85,POS496257319,DUK/US26441C2044,Buy,0.021715,92.1 USD,2 USD,19-10-2020,19:44:01,0 USD,0 USD,MARKET,Over the Counter (OTC),1,2 USD
86,POS440279054,JNJ/US4781601046,Buy,0.027672,144.55 USD,4 USD,19-10-2020,19:44:01,0 USD,0 USD,MARKET,Over the Counter (OTC),1,4 USD
87,POS496257275,TGT/US87612E1064,Buy,0.0121558,164.53 USD,2 USD,19-10-2020,19:44:01,0 USD,0 USD,MARKET,Over the Counter (OTC),1,2 USD
88,POS440278579,AAPL/US0378331005,Buy,0.1201201,116.55 USD,14 USD,19-10-2020,19:44:02,0 USD,0 USD,MARKET,Over the Counter (OTC),1,14 USD
89,POS495663225,VZ/US92343V1044,Buy,0.034922,57.27 USD,2 USD,19-10-2020,19:44:03,0 USD,0 USD,MARKET,Over the Counter (OTC),1,2 USD
90,POS493456560,O/US7561091049,Buy,0.16975,58.91 USD,10 USD,19-10-2020,19:44:04,0 USD,0 USD,MARKET,Over the Counter (OTC),1,10 USD
91,POS440278788,COST/US22160K1051,Buy,0.0132915,376.18 USD,5 USD,19-10-2020,19:44:05,0 USD,0 USD,MARKET,Over the Counter (OTC),1,5 USD
92,POS440278819,NKE/US6541061031,Buy,0.023522,127.54 USD,3 USD,19-10-2020,19:44:06,0 USD,0 USD,MARKET,Over the Counter (OTC),1,3 USD
93,POS496257906,SO/US8425871071,Buy,0.034381,58.17 USD,2 USD,19-10-2020,19:44:09,0 USD,0 USD,MARKET,Over the Counter (OTC),1,2 USD
94,POS496257950,WM/US94106L1098,Buy,0.0175746,113.8 USD,2 USD,19-10-2020,19:44:10,0 USD,0 USD,MARKET,Over the Counter (OTC),1,2 USD
95,POS495650657,ABBV/US00287Y1091,Buy,0.04746,84.28 USD,4 USD,19-10-2020,19:44:11,0 USD,0 USD,MARKET,Over the Counter (OTC),1,4 USD
96,POS495645389,T/US00206R1023,Buy,0.260126,26.91 USD,7 USD,19-10-2020,19:44:37,0 USD,0 USD,MARKET,Over the Counter (OTC),1,7 USD
97,POS493458446,STOR/US8621211007,Buy,0.446594,26.87 USD,12 USD,19-10-2020,19:44:50,0 USD,0 USD,MARKET,Over the Counter (OTC),1,12 USD
98,POS440278554,BABA/US01609W1027,Buy,0.019696,304.63 USD,6 USD,19-10-2020,19:45:05,0 USD,0 USD,MARKET,Over the Counter (OTC),1,6 USD
99,POS440278632,DIS/US2546871060,Buy,0.0402771,124.14 USD,5 USD,19-10-2020,19:45:05,0 USD,0 USD,MARKET,Over the Counter (OTC),1,5 USD
100,POS496517274,DOCU/US2561631068,Buy,0.0087183,229.4 USD,2 USD,19-10-2020,19:45:06,0 USD,0 USD,MARKET,Over the Counter (OTC),1,2 USD
101,POS440278616,FB/US30303M1027,Buy,0.0191761,260.74 USD,5 USD,19-10-2020,19:45:06,0 USD,0 USD,MARKET,Over the Counter (OTC),1,5 USD
102,POS440278687,MSFT/US5949181045,Buy,0.0232698,214.87 USD,5 USD,19-10-2020,19:45:06,0 USD,0 USD,MARKET,Over the Counter (OTC),1,5 USD
103,POS440278579,AAPL/US0378331005,Buy,0.0428412,116.71 USD,5 USD,19-10-2020,19:45:06,0 USD,0 USD,MARKET,Over the Counter (OTC),1,5 USD
104,POS440278645,GOOGL/US02079K3059,Buy,0.00326251,1532.56 USD,5 USD,19-10-2020,19:45:06,0 USD,0 USD,MARKET,Over the Counter (OTC),1,5 USD
105,POS496517435,SHOP/CA82509L1076,Buy,0.00282784,1060.88 USD,3 USD,19-10-2020,19:45:06,0 USD,0 USD,MARKET,Over the Counter (OTC),1,3 USD
106,POS440278788,COST/US22160K1051,Buy,0.0132869,376.31 USD,5 USD,19-10-2020,19:45:06,0 USD,0 USD,MARKET,Over the Counter (OTC),1,5 USD
107,POS440278812,TSLA/US88160R1014,Buy,0.023124,432.45 USD,10 USD,19-10-2020,19:45:06,0 USD,0 USD,MARKET,Over the Counter (OTC),1,10 USD
108,POS440278561,AMZN/US0231351067,Buy,0.00187426,3201.26 USD,6 USD,19-10-2020,19:45:06,0 USD,0 USD,MARKET,Over the Counter (OTC),1,6 USD
109,POS440278735,NFLX/US64110L1061,Buy,0.0113152,530.26 USD,6 USD,19-10-2020,19:45:06,0 USD,0 USD,MARKET,Over the Counter (OTC),1,6 USD
110,POS440278761,PYPL/US70450Y1038,Buy,0.0199163,200.84 USD,4 USD,19-10-2020,19:45:06,0 USD,0 USD,MARKET,Over the Counter (OTC),1,4 USD
111,POS440278547,ADBE/US00724F1012,Buy,0.0060363,496.99 USD,3 USD,19-10-2020,19:45:06,0 USD,0 USD,MARKET,Over the Counter (OTC),1,3 USD
112,POS440278846,CRM/US79466L3024,Buy,0.0156568,255.48 USD,4 USD,19-10-2020,19:45:06,0 USD,0 USD,MARKET,Over the Counter (OTC),1,4 USD
113,POS462187958,PTON/US70614W1009,Buy,0.0377443,132.47 USD,5 USD,19-10-2020,19:45:06,0 USD,0 USD,MARKET,Over the Counter (OTC),1,5 USD
114,POS440279167,SPOT/LU1778762911,Buy,0.0191014,261.76 USD,5 USD,19-10-2020,19:45:07,0 USD,0 USD,MARKET,Over the Counter (OTC),1,5 USD
115,POS440278896,SQ/US8522341036,Buy,0.0267151,187.16 USD,5 USD,19-10-2020,19:45:07,0 USD,0 USD,MARKET,Over the Counter (OTC),1,5 USD
116,POS440278862,V/US92826C8394,Buy,0.0202654,197.38 USD,4 USD,19-10-2020,19:45:08,0 USD,0 USD,MARKET,Over the Counter (OTC),1,4 USD
117,POS440279017,MA/US57636Q1040,Buy,0.0090203,332.58 USD,3 USD,19-10-2020,19:45:08,0 USD,0 USD,MARKET,Over the Counter (OTC),1,3 USD
118,POS496517234,TWLO/US90138F1021,Buy,0.0121669,328.76 USD,4 USD,19-10-2020,19:45:10,0 USD,0 USD,MARKET,Over the Counter (OTC),1,4 USD
1,POS493456560,O/US7561091049,Buy,2.187863,60.15 USD,131.6 USD,16-10-2020,14:02:00,0 USD,0 USD,MARKET,Over the Counter (OTC),1,131.6 USD
2,POS493458446,STOR/US8621211007,Buy,2.505128,27.3 USD,68.39 USD,16-10-2020,14:02:22,0 USD,0 USD,MARKET,Over the Counter (OTC),1,68.39 USD
3,POS493468442,T/US00206R1023,Buy,3.642024,27.46 USD,100.01 USD,16-10-2020,14:04:04,0 USD,0 USD,MARKET,Over the Counter (OTC),1,100.01 USD
4,POS493489511,ABBV/US00287Y1091,Buy,0.575705,86.85 USD,50 USD,16-10-2020,14:07:51,0 USD,0 USD,MARKET,Over the Counter (OTC),1,50 USD
5,POS440278709,NVDA/US67066G1040,Sell,0.1499226,562.44 USD,84.32 USD,16-10-2020,14:12:07,0 USD,0 USD,MARKET,Over the Counter (OTC),1,0 USD
6,POS473174402,ROKU/US77543R1023,Sell,0.8521384,226.1 USD,192.67 USD,16-10-2020,14:13:01,0 USD,0 USD,MARKET,Over the Counter (OTC),1,0 USD
7,POS493456560,O/US7561091049,Buy,1.726863,59.97 USD,103.56 USD,16-10-2020,14:46:05,0 USD,0 USD,MARKET,Over the Counter (OTC),1,103.56 USD
8,POS493458446,STOR/US8621211007,Buy,3.553058,27.14 USD,96.43 USD,16-10-2020,14:46:17,0 USD,0 USD,MARKET,Over the Counter (OTC),1,96.43 USD
9,POS493710215,BAC/US0605051046,Buy,1.444306,24.24 USD,35.01 USD,16-10-2020,14:49:13,0 USD,0 USD,MARKET,Over the Counter (OTC),1,35.01 USD
10,POS493456560,O/US7561091049,Buy,0.844544,60.21 USD,50.85 USD,16-10-2020,15:04:22,0 USD,0 USD,MARKET,Over the Counter (OTC),1,50.85 USD
11,POS493458446,STOR/US8621211007,Buy,1.810611,27.14 USD,49.14 USD,16-10-2020,15:04:28,0 USD,0 USD,MARKET,Over the Counter (OTC),1,49.14 USD
12,POS493710215,BAC/US0605051046,Sell,1.444306,24.32 USD,35.13 USD,16-10-2020,15:16:26,0 USD,0 USD,MARKET,Over the Counter (OTC),1,0 USD
13,POS493855138,VZ/US92343V1044,Buy,1.287332,58.26 USD,75 USD,16-10-2020,15:22:49,0 USD,0 USD,MARKET,Over the Counter (OTC),1,75 USD
14,POS493458446,STOR/US8621211007,Buy,0.54781,27.4 USD,15.01 USD,16-10-2020,15:31:27,0 USD,0 USD,MARKET,Over the Counter (OTC),1,15.01 USD
15,POS493855138,VZ/US92343V1044,Sell,1.287332,58.29 USD,75.04 USD,16-10-2020,15:47:47,0 USD,0 USD,MARKET,Over the Counter (OTC),1,0 USD
16,POS493489511,ABBV/US00287Y1091,Sell,0.575705,86.79 USD,49.97 USD,16-10-2020,15:50:26,0 USD,0 USD,MARKET,Over the Counter (OTC),1,0 USD
17,POS462187958,PTON/US70614W1009,Buy,0.3820001,130.89 USD,50 USD,16-10-2020,15:51:42,0 USD,0 USD,MARKET,Over the Counter (OTC),1,50 USD
18,POS493468442,T/US00206R1023,Sell,3.642024,27.51 USD,100.19 USD,16-10-2020,15:51:44,0 USD,0 USD,MARKET,Over the Counter (OTC),1,0 USD
1,POS440278862,V/US92826C8394,Buy,0.298854,198.09 USD,59.2 USD,15-10-2020,14:39:06,0 USD,0 USD,MARKET,Over the Counter (OTC),1,59.2 USD
2,POS440279017,MA/US57636Q1040,Buy,0.3020405,333.73 USD,100.8 USD,15-10-2020,14:39:07,0 USD,0 USD,MARKET,Over the Counter (OTC),1,100.8 USD
1,POS440279017,MA/US57636Q1040,Buy,0.1476634,345.38 USD,51 USD,13-10-2020,18:42:42,0 USD,0 USD,MARKET,Over the Counter (OTC),1,51 USD
2,POS440278862,V/US92826C8394,Buy,0.235525,203.8 USD,48 USD,13-10-2020,18:42:42,0 USD,0 USD,MARKET,Over the Counter (OTC),1,48 USD
3,POS440278774,SBUX/US8552441094,Buy,0.567549,89.86 USD,51 USD,13-10-2020,18:42:49,0 USD,0 USD,MARKET,Over the Counter (OTC),1,51 USD
4,POS440279054,JNJ/US4781601046,Buy,0.3376553,148.08 USD,50 USD,13-10-2020,18:44:28,0 USD,0 USD,MARKET,Over the Counter (OTC),1,50 USD
1,POS473174402,ROKU/US77543R1023,Buy,0.3579418,223.5 USD,80 USD,12-10-2020,19:20:55,0 USD,0 USD,MARKET,Over the Counter (OTC),1,80 USD
2,POS440278896,SQ/US8522341036,Buy,0.5409499,184.86 USD,100 USD,12-10-2020,19:20:55,0 USD,0 USD,MARKET,Over the Counter (OTC),1,100 USD
3,POS440278819,NKE/US6541061031,Buy,0.540624,129.48 USD,70 USD,12-10-2020,19:20:56,0 USD,0 USD,MARKET,Over the Counter (OTC),1,70 USD
1,POS440278616,FB/US30303M1027,Buy,0.1953964,255.89 USD,50 USD,07-10-2020,14:31:10,0 USD,0 USD,MARKET,Over the Counter (OTC),1,50 USD
2,POS440278645,GOOGL/US02079K3059,Buy,0.03474007,1439.26 USD,50 USD,07-10-2020,14:31:25,0 USD,0 USD,MARKET,Over the Counter (OTC),1,50 USD
3,POS440278616,FB/US30303M1027,Buy,0.097901,255.36 USD,25 USD,07-10-2020,14:40:13,0 USD,0 USD,MARKET,Over the Counter (OTC),1,25 USD
4,POS440278645,GOOGL/US02079K3059,Buy,0.01741844,1435.26 USD,25 USD,07-10-2020,14:40:24,0 USD,0 USD,MARKET,Over the Counter (OTC),1,25 USD
1,POS440278896,SQ/US8522341036,Buy,0.2811674,177.83 USD,50 USD,06-10-2020,13:39:50,0 USD,0 USD,MARKET,Over the Counter (OTC),1,50 USD
2,POS440278761,PYPL/US70450Y1038,Buy,0.2561081,195.23 USD,50 USD,06-10-2020,13:40:05,0 USD,0 USD,MARKET,Over the Counter (OTC),1,50 USD
3,POS440278579,AAPL/US0378331005,Buy,0.1740795,114.89 USD,20 USD,06-10-2020,13:48:54,0 USD,0 USD,MARKET,Over the Counter (OTC),1,20 USD
4,POS440278812,TSLA/US88160R1014,Buy,0.0599836,416.78 USD,25 USD,06-10-2020,15:12:24,0 USD,0 USD,MARKET,Over the Counter (OTC),1,25 USD
5,POS440278579,AAPL/US0378331005,Buy,0.2193559,113.97 USD,25 USD,06-10-2020,15:24:17,0 USD,0 USD,MARKET,Over the Counter (OTC),1,25 USD
6,POS440278812,TSLA/US88160R1014,Buy,0.060254,414.91 USD,25 USD,06-10-2020,15:24:47,0 USD,0 USD,MARKET,Over the Counter (OTC),1,25 USD
7,POS440278812,TSLA/US88160R1014,Buy,0.0603412,414.31 USD,25 USD,06-10-2020,15:28:31,0 USD,0 USD,MARKET,Over the Counter (OTC),1,25 USD
8,POS440278561,AMZN/US0231351067,Buy,0.00795739,3141.73 USD,25 USD,06-10-2020,15:37:25,0 USD,0 USD,MARKET,Over the Counter (OTC),1,25 USD
9,POS440278645,GOOGL/US02079K3059,Buy,0.01709693,1462.25 USD,25 USD,06-10-2020,15:37:37,0 USD,0 USD,MARKET,Over the Counter (OTC),1,25 USD
10,POS462187958,PTON/US70614W1009,Buy,0.1772107,112.86 USD,20 USD,06-10-2020,17:11:08,0 USD,0 USD,MARKET,Over the Counter (OTC),1,20 USD
11,POS440278819,NKE/US6541061031,Buy,0.1919385,130.25 USD,25 USD,06-10-2020,17:12:07,0 USD,0 USD,MARKET,Over the Counter (OTC),1,25 USD
12,POS440279017,MA/US57636Q1040,Buy,0.0435426,344.49 USD,15 USD,06-10-2020,17:17:39,0 USD,0 USD,MARKET,Over the Counter (OTC),1,15 USD
13,POS440278616,FB/US30303M1027,Buy,0.0569843,263.23 USD,15 USD,06-10-2020,17:17:53,0 USD,0 USD,MARKET,Over the Counter (OTC),1,15 USD
14,POS440278846,CRM/US79466L3024,Buy,0.0392634,254.69 USD,10 USD,06-10-2020,17:18:19,0 USD,0 USD,MARKET,Over the Counter (OTC),1,10 USD
15,POS440278788,COST/US22160K1051,Buy,0.0553403,361.4 USD,20 USD,06-10-2020,17:18:33,0 USD,0 USD,MARKET,Over the Counter (OTC),1,20 USD
16,POS440279167,SPOT/LU1778762911,Buy,0.0600768,249.68 USD,15 USD,06-10-2020,17:19:08,0 USD,0 USD,MARKET,Over the Counter (OTC),1,15 USD
17,POS462187958,PTON/US70614W1009,Buy,0.177541,112.65 USD,20 USD,06-10-2020,17:19:25,0 USD,0 USD,MARKET,Over the Counter (OTC),1,20 USD
18,POS473174402,ROKU/US77543R1023,Buy,0.1444182,207.73 USD,30 USD,06-10-2020,17:20:54,0 USD,0 USD,MARKET,Over the Counter (OTC),1,30 USD
19,POS462102103,PLTR/US69608A1088,Sell,10,10 USD,100 USD,06-10-2020,17:54:51,0 USD,0 USD,LIMIT,NYSE,1,0 USD
20,POS440278579,AAPL/US0378331005,Buy,1,114.5 USD,114.5 USD,06-10-2020,18:51:30,0 USD,0 USD,LIMIT,NASDAQ,1,114.5 USD
21,POS440278579,AAPL/US0378331005,Buy,1,114 USD,114 USD,06-10-2020,18:54:42,0 USD,0 USD,LIMIT,NASDAQ,1,114 USD
22,POS440278812,TSLA/US88160R1014,Buy,0.0604638,413.47 USD,25 USD,06-10-2020,19:02:11,0 USD,0 USD,MARKET,Over the Counter (OTC),1,25 USD
23,POS440278579,AAPL/US0378331005,Buy,0.2199929,113.64 USD,25 USD,06-10-2020,19:03:41,0 USD,0 USD,MARKET,Over the Counter (OTC),1,25 USD
24,POS440278812,TSLA/US88160R1014,Buy,0.1214211,411.79 USD,50 USD,06-10-2020,19:05:59,0 USD,0 USD,MARKET,Over the Counter (OTC),1,50 USD
25,POS440278579,AAPL/US0378331005,Buy,0.2216705,112.78 USD,25 USD,06-10-2020,19:06:45,0 USD,0 USD,MARKET,Over the Counter (OTC),1,25 USD
26,POS440278579,AAPL/US0378331005,Buy,0.2218081,112.71 USD,25 USD,06-10-2020,19:08:37,0 USD,0 USD,MARKET,Over the Counter (OTC),1,25 USD
27,POS440278812,TSLA/US88160R1014,Buy,0.1220881,409.54 USD,50 USD,06-10-2020,19:08:45,0 USD,0 USD,MARKET,Over the Counter (OTC),1,50 USD
28,POS473174402,ROKU/US77543R1023,Buy,0.1231891,202.94 USD,25 USD,06-10-2020,19:09:13,0 USD,0 USD,MARKET,Over the Counter (OTC),1,25 USD
29,POS440278547,ADBE/US00724F1012,Buy,0.0519977,480.79 USD,25 USD,06-10-2020,19:10:34,0 USD,0 USD,MARKET,Over the Counter (OTC),1,25 USD
30,POS440278645,GOOGL/US02079K3059,Buy,0.01713185,1459.27 USD,25 USD,06-10-2020,19:11:04,0 USD,0 USD,MARKET,Over the Counter (OTC),1,25 USD
31,POS440279054,JNJ/US4781601046,Buy,0.204974,146.36 USD,30 USD,06-10-2020,19:15:29,0 USD,0 USD,MARKET,Over the Counter (OTC),1,30 USD
32,POS462187958,PTON/US70614W1009,Buy,0.4477478,111.67 USD,50 USD,06-10-2020,19:16:08,0 USD,0 USD,MARKET,Over the Counter (OTC),1,50 USD
33,POS473174402,ROKU/US77543R1023,Buy,0.0976514,204.81 USD,20 USD,06-10-2020,19:16:45,0 USD,0 USD,MARKET,Over the Counter (OTC),1,20 USD
34,POS440278774,SBUX/US8552441094,Buy,0.229673,87.08 USD,20 USD,06-10-2020,19:58:46,0 USD,0 USD,MARKET,Over the Counter (OTC),1,20 USD
1,POS462198069,NEE/US65339F1012,Sell,0.0450607,282.81 USD,12.74 USD,05-10-2020,13:33:59,0 USD,0 USD,MARKET,Over the Counter (OTC),1,0 USD
2,POS440278831,STOR/US8621211007,Sell,6.485918,28.82 USD,186.92 USD,05-10-2020,13:36:27,0 USD,0 USD,MARKET,Over the Counter (OTC),1,0 USD
3,POS440278885,O/US7561091049,Sell,2.374682,63.4 USD,150.55 USD,05-10-2020,13:36:40,0 USD,0 USD,MARKET,Over the Counter (OTC),1,0 USD
4,POS440278687,MSFT/US5949181045,Buy,0.9632983,207.62 USD,200 USD,05-10-2020,13:38:57,0 USD,0 USD,MARKET,Over the Counter (OTC),1,200 USD
5,POS440278862,V/US92826C8394,Buy,0.2476473,201.9 USD,50 USD,05-10-2020,13:38:58,0 USD,0 USD,MARKET,Over the Counter (OTC),1,50 USD
1,POS440278561,AMZN/US0231351067,Buy,0.00427347,3159.02 USD,13.5 USD,02-10-2020,15:47:40,0 USD,0 USD,MARKET,Over the Counter (OTC),1,13.5 USD
2,POS440278579,AAPL/US0378331005,Buy,0.1185354,113.89 USD,13.5 USD,02-10-2020,15:47:40,0 USD,0 USD,MARKET,Over the Counter (OTC),1,13.5 USD
3,POS462187958,PTON/US70614W1009,Buy,0.0137639,108.98 USD,1.5 USD,02-10-2020,15:47:40,0 USD,0 USD,MARKET,Over the Counter (OTC),1,1.5 USD
4,POS440278547,ADBE/US00724F1012,Buy,0.0092544,486.25 USD,4.5 USD,02-10-2020,15:47:40,0 USD,0 USD,MARKET,Over the Counter (OTC),1,4.5 USD
5,POS440278709,NVDA/US67066G1040,Buy,0.0112841,531.72 USD,6 USD,02-10-2020,15:47:40,0 USD,0 USD,MARKET,Over the Counter (OTC),1,6 USD
6,POS440278761,PYPL/US70450Y1038,Buy,0.0155609,192.79 USD,3 USD,02-10-2020,15:47:40,0 USD,0 USD,MARKET,Over the Counter (OTC),1,3 USD
7,POS440278812,TSLA/US88160R1014,Buy,0.0349397,429.31 USD,15 USD,02-10-2020,15:47:40,0 USD,0 USD,MARKET,Over the Counter (OTC),1,15 USD
8,POS440278687,MSFT/US5949181045,Buy,0.0432713,207.99 USD,9 USD,02-10-2020,15:47:40,0 USD,0 USD,MARKET,Over the Counter (OTC),1,9 USD
9,POS440278774,SBUX/US8552441094,Buy,0.052077,86.41 USD,4.5 USD,02-10-2020,15:47:40,0 USD,0 USD,MARKET,Over the Counter (OTC),1,4.5 USD
10,POS440278885,O/US7561091049,Buy,0.047778,62.79 USD,3 USD,02-10-2020,15:47:40,0 USD,0 USD,MARKET,Over the Counter (OTC),1,3 USD
11,POS440279167,SPOT/LU1778762911,Buy,0.0123375,243.16 USD,3 USD,02-10-2020,15:47:40,0 USD,0 USD,MARKET,Over the Counter (OTC),1,3 USD
12,POS440278616,FB/US30303M1027,Buy,0.01715,262.39 USD,4.5 USD,02-10-2020,15:47:41,0 USD,0 USD,MARKET,Over the Counter (OTC),1,4.5 USD
13,POS440279017,MA/US57636Q1040,Buy,0.0132368,339.96 USD,4.5 USD,02-10-2020,15:47:41,0 USD,0 USD,MARKET,Over the Counter (OTC),1,4.5 USD
14,POS440279054,JNJ/US4781601046,Buy,0.0204304,146.84 USD,3 USD,02-10-2020,15:47:41,0 USD,0 USD,MARKET,Over the Counter (OTC),1,3 USD
15,POS440278896,SQ/US8522341036,Buy,0.0266146,169.08 USD,4.5 USD,02-10-2020,15:47:41,0 USD,0 USD,MARKET,Over the Counter (OTC),1,4.5 USD
16,POS440278554,BABA/US01609W1027,Buy,0.0259434,289.09 USD,7.5 USD,02-10-2020,15:47:41,0 USD,0 USD,MARKET,Over the Counter (OTC),1,7.5 USD
17,POS440278862,V/US92826C8394,Buy,0.0223424,201.41 USD,4.5 USD,02-10-2020,15:47:41,0 USD,0 USD,MARKET,Over the Counter (OTC),1,4.5 USD
18,POS462198069,NEE/US65339F1012,Buy,0.0052598,285.18 USD,1.5 USD,02-10-2020,15:47:42,0 USD,0 USD,MARKET,Over the Counter (OTC),1,1.5 USD
19,POS440278846,CRM/US79466L3024,Buy,0.01201,249.79 USD,3 USD,02-10-2020,15:47:42,0 USD,0 USD,MARKET,Over the Counter (OTC),1,3 USD
20,POS440278632,DIS/US2546871060,Buy,0.0731885,122.97 USD,9 USD,02-10-2020,15:47:42,0 USD,0 USD,MARKET,Over the Counter (OTC),1,9 USD
21,POS440278831,STOR/US8621211007,Buy,0.1053,28.49 USD,3 USD,02-10-2020,15:47:43,0 USD,0 USD,MARKET,Over the Counter (OTC),1,3 USD
22,POS440278735,NFLX/US64110L1061,Buy,0.0233349,514.25 USD,12 USD,02-10-2020,15:47:43,0 USD,0 USD,MARKET,Over the Counter (OTC),1,12 USD
23,POS440278645,GOOGL/US02079K3059,Buy,0.00512295,1464 USD,7.5 USD,02-10-2020,15:47:43,0 USD,0 USD,MARKET,Over the Counter (OTC),1,7.5 USD
24,POS440278788,COST/US22160K1051,Buy,0.0127007,354.31 USD,4.5 USD,02-10-2020,15:47:44,0 USD,0 USD,MARKET,Over the Counter (OTC),1,4.5 USD
25,POS440278819,NKE/US6541061031,Buy,0.0358966,125.36 USD,4.5 USD,02-10-2020,15:47:46,0 USD,0 USD,MARKET,Over the Counter (OTC),1,4.5 USD
26,POS440278561,AMZN/US0231351067,Buy,0.00288057,3124.38 USD,9 USD,02-10-2020,16:05:25,0 USD,0 USD,MARKET,Over the Counter (OTC),1,9 USD
27,POS440278579,AAPL/US0378331005,Buy,0.0799076,112.63 USD,9 USD,02-10-2020,16:05:25,0 USD,0 USD,MARKET,Over the Counter (OTC),1,9 USD
28,POS440278632,DIS/US2546871060,Buy,0.0490958,122.21 USD,6 USD,02-10-2020,16:05:25,0 USD,0 USD,MARKET,Over the Counter (OTC),1,6 USD
29,POS440278846,CRM/US79466L3024,Buy,0.008085,247.37 USD,2 USD,02-10-2020,16:05:25,0 USD,0 USD,MARKET,Over the Counter (OTC),1,2 USD
30,POS440278645,GOOGL/US02079K3059,Buy,0.00344982,1449.35 USD,5 USD,02-10-2020,16:05:25,0 USD,0 USD,MARKET,Over the Counter (OTC),1,5 USD
31,POS440278616,FB/US30303M1027,Buy,0.0115633,259.44 USD,3 USD,02-10-2020,16:05:25,0 USD,0 USD,MARKET,Over the Counter (OTC),1,3 USD
32,POS440279054,JNJ/US4781601046,Buy,0.0136574,146.44 USD,2 USD,02-10-2020,16:05:25,0 USD,0 USD,MARKET,Over the Counter (OTC),1,2 USD
33,POS440278687,MSFT/US5949181045,Buy,0.0291686,205.7 USD,6 USD,02-10-2020,16:05:25,0 USD,0 USD,MARKET,Over the Counter (OTC),1,6 USD
34,POS440279017,MA/US57636Q1040,Buy,0.0088931,337.34 USD,3 USD,02-10-2020,16:05:25,0 USD,0 USD,MARKET,Over the Counter (OTC),1,3 USD
35,POS440278735,NFLX/US64110L1061,Buy,0.0157831,506.87 USD,8 USD,02-10-2020,16:05:25,0 USD,0 USD,MARKET,Over the Counter (OTC),1,8 USD
36,POS440278547,ADBE/US00724F1012,Buy,0.0062609,479.16 USD,3 USD,02-10-2020,16:05:25,0 USD,0 USD,MARKET,Over the Counter (OTC),1,3 USD
37,POS440278709,NVDA/US67066G1040,Buy,0.0076116,525.51 USD,4 USD,02-10-2020,16:05:25,0 USD,0 USD,MARKET,Over the Counter (OTC),1,4 USD
38,POS440278761,PYPL/US70450Y1038,Buy,0.0105518,189.54 USD,2 USD,02-10-2020,16:05:25,0 USD,0 USD,MARKET,Over the Counter (OTC),1,2 USD
39,POS440278774,SBUX/US8552441094,Buy,0.034952,85.83 USD,3 USD,02-10-2020,16:05:25,0 USD,0 USD,MARKET,Over the Counter (OTC),1,3 USD
40,POS440278896,SQ/US8522341036,Buy,0.0180028,166.64 USD,3 USD,02-10-2020,16:05:25,0 USD,0 USD,MARKET,Over the Counter (OTC),1,3 USD
41,POS440278812,TSLA/US88160R1014,Buy,0.0237062,421.83 USD,10 USD,02-10-2020,16:05:25,0 USD,0 USD,MARKET,Over the Counter (OTC),1,10 USD
42,POS462187958,PTON/US70614W1009,Buy,0.0093144,107.36 USD,1 USD,02-10-2020,16:05:25,0 USD,0 USD,MARKET,Over the Counter (OTC),1,1 USD
43,POS440278554,BABA/US01609W1027,Buy,0.0174398,286.7 USD,5 USD,02-10-2020,16:05:25,0 USD,0 USD,MARKET,Over the Counter (OTC),1,5 USD
44,POS440279167,SPOT/LU1778762911,Buy,0.0083046,240.83 USD,2 USD,02-10-2020,16:05:26,0 USD,0 USD,MARKET,Over the Counter (OTC),1,2 USD
45,POS440278862,V/US92826C8394,Buy,0.0149775,200.3 USD,3 USD,02-10-2020,16:05:26,0 USD,0 USD,MARKET,Over the Counter (OTC),1,3 USD
46,POS440278788,COST/US22160K1051,Buy,0.0084981,353.02 USD,3 USD,02-10-2020,16:05:27,0 USD,0 USD,MARKET,Over the Counter (OTC),1,3 USD
47,POS440278885,O/US7561091049,Buy,0.031908,62.68 USD,2 USD,02-10-2020,16:05:27,0 USD,0 USD,MARKET,Over the Counter (OTC),1,2 USD
48,POS462198069,NEE/US65339F1012,Buy,0.0035191,284.16 USD,1 USD,02-10-2020,16:05:27,0 USD,0 USD,MARKET,Over the Counter (OTC),1,1 USD
49,POS440278831,STOR/US8621211007,Buy,0.070646,28.31 USD,2 USD,02-10-2020,16:05:32,0 USD,0 USD,MARKET,Over the Counter (OTC),1,2 USD
50,POS440278819,NKE/US6541061031,Buy,0.023975,125.13 USD,3 USD,02-10-2020,16:05:34,0 USD,0 USD,MARKET,Over the Counter (OTC),1,3 USD
51,POS440278812,TSLA/US88160R1014,Buy,1,418.5 USD,418.5 USD,02-10-2020,19:28:45,0 USD,0 USD,LIMIT,NASDAQ,1,418.5 USD
52,POS440278579,AAPL/US0378331005,Buy,1,113.6 USD,113.6 USD,02-10-2020,19:46:01,0 USD,0 USD,LIMIT,NASDAQ,1,113.6 USD
53,POS440278547,ADBE/US00724F1012,Buy,0.0835073,479 USD,40 USD,02-10-2020,19:59:40,0 USD,0 USD,MARKET,Over the Counter (OTC),1,40 USD
1,POS462190691,SNOW/US8334451098,Sell,0.039909,254.9 USD,10.17 USD,01-10-2020,13:31:18,0 USD,0 USD,MARKET,Over the Counter (OTC),1,0 USD
2,POS462188633,LMND/US52567D1072,Sell,0.199282,49.82 USD,9.93 USD,01-10-2020,13:37:06,0 USD,0 USD,MARKET,Over the Counter (OTC),1,0 USD
3,POS440278632,DIS/US2546871060,Buy,5,123.5 USD,617.5 USD,01-10-2020,16:01:38,0 USD,0 USD,LIMIT,NYSE,1,617.5 USD
4,POS440278554,BABA/US01609W1027,Buy,0.1031991,290.7 USD,30 USD,01-10-2020,18:58:59,0 USD,0 USD,MARKET,Over the Counter (OTC),1,30 USD
5,POS440279054,JNJ/US4781601046,Buy,0.1359157,147.15 USD,20 USD,01-10-2020,18:59:00,0 USD,0 USD,MARKET,Over the Counter (OTC),1,20 USD
1,POS461467367,ASAN/US04342Y1047,Buy,1,29.17 USD,29.17 USD,30-09-2020,16:54:41,0 USD,0 USD,MARKET,Over the Counter (OTC),1,29.17 USD
2,POS461467367,ASAN/US04342Y1047,Sell,1,29.2 USD,29.2 USD,30-09-2020,17:15:13,0 USD,0 USD,LIMIT,NYSE,1,0 USD
3,POS461933860,SNOW/US8334451098,Buy,0.0039138,255.5 USD,1 USD,30-09-2020,18:22:05,0 USD,0 USD,MARKET,Over the Counter (OTC),1,1 USD
4,POS461933860,SNOW/US8334451098,Sell,0.0039138,251.35 USD,0.98 USD,30-09-2020,18:32:23,0 USD,0 USD,MARKET,Over the Counter (OTC),1,0 USD
5,POS458685280,PTON/US70614W1009,Sell,0.0895581,99.01 USD,8.87 USD,30-09-2020,18:32:39,0 USD,0 USD,MARKET,Over the Counter (OTC),1,0 USD
6,POS440279306,LMND/US52567D1072,Sell,1.128324,50.59 USD,57.08 USD,30-09-2020,18:32:47,0 USD,0 USD,MARKET,Over the Counter (OTC),1,0 USD
7,POS462102103,PLTR/US69608A1088,Buy,1,10.25 USD,10.25 USD,30-09-2020,19:02:04,0 USD,0 USD,MARKET,Over the Counter (OTC),1,10.25 USD
8,POS462102103,PLTR/US69608A1088,Buy,5,10.32 USD,51.6 USD,30-09-2020,19:02:24,0 USD,0 USD,MARKET,Over the Counter (OTC),1,51.6 USD
9,POS462102103,PLTR/US69608A1088,Buy,1,10.1 USD,10.1 USD,30-09-2020,19:10:20,0 USD,0 USD,MARKET,Over the Counter (OTC),1,10.1 USD
10,POS462102103,PLTR/US69608A1088,Buy,3,9.96 USD,29.88 USD,30-09-2020,19:18:23,0 USD,0 USD,LIMIT,NYSE,1,29.88 USD
11,POS462187958,PTON/US70614W1009,Buy,0.101194,98.82 USD,10 USD,30-09-2020,19:24:28,0 USD,0 USD,MARKET,Over the Counter (OTC),1,10 USD
12,POS462188633,LMND/US52567D1072,Buy,0.199282,50.18 USD,10 USD,30-09-2020,19:24:39,0 USD,0 USD,MARKET,Over the Counter (OTC),1,10 USD
13,POS462190691,SNOW/US8334451098,Buy,0.039909,250.57 USD,10 USD,30-09-2020,19:25:10,0 USD,0 USD,MARKET,Over the Counter (OTC),1,10 USD
14,POS462198069,NEE/US65339F1012,Buy,0.0362818,275.62 USD,10 USD,30-09-2020,19:27:08,0 USD,0 USD,MARKET,Over the Counter (OTC),1,10 USD
1,POS440278774,SBUX/US8552441094,Buy,0.351806,84.99 USD,29.9 USD,29-09-2020,16:52:15,0 USD,0 USD,MARKET,Over the Counter (OTC),1,29.9 USD
2,POS450905816,MCD/US5801351017,Buy,0.0889355,219.26 USD,19.5 USD,29-09-2020,16:52:15,0 USD,0 USD,MARKET,Over the Counter (OTC),1,19.5 USD
3,POS440279054,JNJ/US4781601046,Buy,0.2747545,146.64 USD,40.29 USD,29-09-2020,16:52:15,0 USD,0 USD,MARKET,Over the Counter (OTC),1,40.29 USD
4,POS458685280,PTON/US70614W1009,Buy,0.0895581,101.61 USD,9.1 USD,29-09-2020,16:52:15,0 USD,0 USD,MARKET,Over the Counter (OTC),1,9.1 USD
5,POS440279083,KO/US1912161007,Buy,0.424057,49.05 USD,20.8 USD,29-09-2020,16:52:31,0 USD,0 USD,MARKET,Over the Counter (OTC),1,20.8 USD
6,POS440280033,WM/US94106L1098,Buy,0.0914929,113.67 USD,10.4 USD,29-09-2020,16:52:41,0 USD,0 USD,MARKET,Over the Counter (OTC),1,10.4 USD
7,POS440279264,PEP/US7134481081,Sell,0.0475196,137.48 USD,6.53 USD,29-09-2020,17:27:36,0 USD,0 USD,MARKET,Over the Counter (OTC),1,0 USD
8,POS440279083,KO/US1912161007,Sell,0.837098,49.04 USD,41.05 USD,29-09-2020,17:28:37,0 USD,0 USD,MARKET,Over the Counter (OTC),1,0 USD
9,POS450905816,MCD/US5801351017,Sell,0.1811284,219.66 USD,39.79 USD,29-09-2020,17:39:14,0 USD,0 USD,MARKET,Over the Counter (OTC),1,0 USD
10,POS440280033,WM/US94106L1098,Sell,0.1782954,113.72 USD,20.28 USD,29-09-2020,18:13:35,0 USD,0 USD,MARKET,Over the Counter (OTC),1,0 USD
11,POS440278946,NEE/US65339F1012,Sell,0.0227744,284.01 USD,6.47 USD,29-09-2020,18:13:42,0 USD,0 USD,MARKET,Over the Counter (OTC),1,0 USD
1,POS440279017,MA/US57636Q1040,Buy,0.0304998,324.92 USD,9.91 USD,25-09-2020,13:57:30,0 USD,0 USD,MARKET,Over the Counter (OTC),1,9.91 USD
2,POS440278554,BABA/US01609W1027,Buy,0.0379927,265.84 USD,10.1 USD,25-09-2020,13:57:30,0 USD,0 USD,MARKET,Over the Counter (OTC),1,10.1 USD
3,POS440278846,CRM/US79466L3024,Buy,0.0419719,236.11 USD,9.91 USD,25-09-2020,13:57:31,0 USD,0 USD,MARKET,Over the Counter (OTC),1,9.91 USD
4,POS450905816,MCD/US5801351017,Buy,0.0462075,214.9 USD,9.93 USD,25-09-2020,13:58:45,0 USD,0 USD,MARKET,Over the Counter (OTC),1,9.93 USD
5,POS440279083,KO/US1912161007,Buy,0.212196,48.21 USD,10.23 USD,25-09-2020,13:58:45,0 USD,0 USD,MARKET,Over the Counter (OTC),1,10.23 USD
6,POS440279167,SPOT/LU1778762911,Buy,0.0428608,231.68 USD,9.93 USD,25-09-2020,13:58:49,0 USD,0 USD,MARKET,Over the Counter (OTC),1,9.93 USD
7,POS440278735,NFLX/US64110L1061,Buy,0.0430979,471.02 USD,20.3 USD,25-09-2020,14:01:50,0 USD,0 USD,MARKET,Over the Counter (OTC),1,20.3 USD
8,POS440278554,BABA/US01609W1027,Buy,0.0734577,266.82 USD,19.6 USD,25-09-2020,14:01:52,0 USD,0 USD,MARKET,Over the Counter (OTC),1,19.6 USD
9,POS440278554,BABA/US01609W1027,Buy,0.0375829,266.61 USD,10.02 USD,25-09-2020,14:07:25,0 USD,0 USD,MARKET,Over the Counter (OTC),1,10.02 USD
10,POS440278846,CRM/US79466L3024,Buy,0.0422588,237.11 USD,10.02 USD,25-09-2020,14:07:25,0 USD,0 USD,MARKET,Over the Counter (OTC),1,10.02 USD
11,POS440278645,GOOGL/US02079K3059,Buy,0.00707267,1416.72 USD,10.02 USD,25-09-2020,14:07:27,0 USD,0 USD,MARKET,Over the Counter (OTC),1,10.02 USD
12,POS440279167,SPOT/LU1778762911,Buy,0.043386,230.95 USD,10.02 USD,25-09-2020,14:07:42,0 USD,0 USD,MARKET,Over the Counter (OTC),1,10.02 USD
13,POS440278801,SHOP/CA82509L1076,Sell,0.023827,937.8 USD,22.34 USD,25-09-2020,15:10:35,0 USD,0 USD,MARKET,Over the Counter (OTC),1,0 USD
1,POS440278812,TSLA/US88160R1014,Buy,0.273224,366 USD,100 USD,24-09-2020,13:35:50,0 USD,0 USD,MARKET,Over the Counter (OTC),1,100 USD
2,POS440278812,TSLA/US88160R1014,Buy,0.1416229,353.05 USD,50 USD,24-09-2020,13:37:55,0 USD,0 USD,MARKET,Over the Counter (OTC),1,50 USD
3,POS440278632,DIS/US2546871060,Buy,0.8218952,121.67 USD,100 USD,24-09-2020,13:38:31,0 USD,0 USD,MARKET,Over the Counter (OTC),1,100 USD
4,POS440278561,AMZN/US0231351067,Buy,0.00385972,2979.49 USD,11.5 USD,24-09-2020,13:42:30,0 USD,0 USD,MARKET,Over the Counter (OTC),1,11.5 USD
5,POS440278709,NVDA/US67066G1040,Buy,0.0098636,490.69 USD,4.84 USD,24-09-2020,13:42:30,0 USD,0 USD,MARKET,Over the Counter (OTC),1,4.84 USD
6,POS440278735,NFLX/US64110L1061,Buy,0.024253,469.22 USD,11.38 USD,24-09-2020,13:42:30,0 USD,0 USD,MARKET,Over the Counter (OTC),1,11.38 USD
7,POS440278579,AAPL/US0378331005,Buy,0.2072046,107.43 USD,22.26 USD,24-09-2020,13:42:30,0 USD,0 USD,MARKET,Over the Counter (OTC),1,22.26 USD
8,POS440278632,DIS/US2546871060,Buy,0.8261336,121.07 USD,100.02 USD,24-09-2020,13:46:25,0 USD,0 USD,MARKET,Over the Counter (OTC),1,100.02 USD
9,POS440278831,STOR/US8621211007,Buy,1.904761,26.25 USD,50 USD,24-09-2020,13:49:29,0 USD,0 USD,MARKET,Over the Counter (OTC),1,50 USD
10,POS440278735,NFLX/US64110L1061,Buy,0.021061,474.81 USD,10 USD,24-09-2020,17:56:35,0 USD,0 USD,MARKET,Over the Counter (OTC),1,10 USD
11,POS440279306,LMND/US52567D1072,Buy,0.199401,50.15 USD,10 USD,24-09-2020,17:56:43,0 USD,0 USD,MARKET,Over the Counter (OTC),1,10 USD
12,POS440278885,O/US7561091049,Buy,0.338638,59.06 USD,20 USD,24-09-2020,18:01:55,0 USD,0 USD,MARKET,Over the Counter (OTC),1,20 USD
13,POS440278885,O/US7561091049,Buy,1.525165,59.01 USD,90 USD,24-09-2020,18:03:56,0 USD,0 USD,MARKET,Over the Counter (OTC),1,90 USD
14,POS450905816,MCD/US5801351017,Buy,0.0459854,217.46 USD,10 USD,24-09-2020,18:04:04,0 USD,0 USD,MARKET,Over the Counter (OTC),1,10 USD
15,POS440278846,CRM/US79466L3024,Buy,0.0353922,237.34 USD,8.4 USD,24-09-2020,19:52:50,0 USD,0 USD,MARKET,Over the Counter (OTC),1,8.4 USD
16,POS440278554,BABA/US01609W1027,Buy,0.0356268,269.46 USD,9.6 USD,24-09-2020,19:52:50,0 USD,0 USD,MARKET,Over the Counter (OTC),1,9.6 USD
17,POS440278761,PYPL/US70450Y1038,Buy,0.0264375,181.56 USD,4.8 USD,24-09-2020,19:52:50,0 USD,0 USD,MARKET,Over the Counter (OTC),1,4.8 USD
18,POS440278735,NFLX/US64110L1061,Buy,0.0634008,473.18 USD,30 USD,24-09-2020,19:52:50,0 USD,0 USD,MARKET,Over the Counter (OTC),1,30 USD
19,POS440278862,V/US92826C8394,Buy,0.0552316,195.54 USD,10.8 USD,24-09-2020,19:52:50,0 USD,0 USD,MARKET,Over the Counter (OTC),1,10.8 USD
20,POS440278801,SHOP/CA82509L1076,Buy,0.0065862,910.99 USD,6 USD,24-09-2020,19:52:50,0 USD,0 USD,MARKET,Over the Counter (OTC),1,6 USD
21,POS440279167,SPOT/LU1778762911,Buy,0.036329,231.22 USD,8.4 USD,24-09-2020,19:52:50,0 USD,0 USD,MARKET,Over the Counter (OTC),1,8.4 USD
22,POS440280033,WM/US94106L1098,Buy,0.0322319,111.38 USD,3.59 USD,24-09-2020,19:52:50,0 USD,0 USD,MARKET,Over the Counter (OTC),1,3.59 USD
23,POS440278547,ADBE/US00724F1012,Buy,0.0205373,467.44 USD,9.6 USD,24-09-2020,19:52:50,0 USD,0 USD,MARKET,Over the Counter (OTC),1,9.6 USD
24,POS440278885,O/US7561091049,Buy,0.163515,58.71 USD,9.6 USD,24-09-2020,19:52:51,0 USD,0 USD,MARKET,Over the Counter (OTC),1,9.6 USD
25,POS440278774,SBUX/US8552441094,Buy,0.072271,83.02 USD,6 USD,24-09-2020,19:52:51,0 USD,0 USD,MARKET,Over the Counter (OTC),1,6 USD
26,POS440279083,KO/US1912161007,Buy,0.073625,48.76 USD,3.59 USD,24-09-2020,19:52:53,0 USD,0 USD,MARKET,Over the Counter (OTC),1,3.59 USD
27,POS440279306,LMND/US52567D1072,Buy,0.198716,48.31 USD,9.6 USD,24-09-2020,19:52:56,0 USD,0 USD,MARKET,Over the Counter (OTC),1,9.6 USD
1,POS440278812,TSLA/US88160R1014,Buy,0.0615778,405.99 USD,25 USD,23-09-2020,13:34:44,0 USD,0 USD,MARKET,Over the Counter (OTC),1,25 USD
2,POS440278561,AMZN/US0231351067,Buy,0.00307988,3097.52 USD,9.54 USD,23-09-2020,13:37:01,0 USD,0 USD,MARKET,Over the Counter (OTC),1,9.54 USD
3,POS440278554,BABA/US01609W1027,Buy,0.0162007,276.53 USD,4.48 USD,23-09-2020,13:37:01,0 USD,0 USD,MARKET,Over the Counter (OTC),1,4.48 USD
4,POS440278616,FB/US30303M1027,Buy,0.0183533,254.45 USD,4.67 USD,23-09-2020,13:37:01,0 USD,0 USD,MARKET,Over the Counter (OTC),1,4.67 USD
5,POS440278645,GOOGL/US02079K3059,Buy,0.00338285,1442.57 USD,4.88 USD,23-09-2020,13:37:01,0 USD,0 USD,MARKET,Over the Counter (OTC),1,4.88 USD
6,POS440278579,AAPL/US0378331005,Buy,0.1200576,111.03 USD,13.33 USD,23-09-2020,13:37:01,0 USD,0 USD,MARKET,Over the Counter (OTC),1,13.33 USD
7,POS440278735,NFLX/US64110L1061,Buy,0.0207852,484.96 USD,10.08 USD,23-09-2020,13:37:01,0 USD,0 USD,MARKET,Over the Counter (OTC),1,10.08 USD
8,POS440278687,MSFT/US5949181045,Buy,0.0222017,206.29 USD,4.58 USD,23-09-2020,13:37:01,0 USD,0 USD,MARKET,Over the Counter (OTC),1,4.58 USD
9,POS440278709,NVDA/US67066G1040,Buy,0.0158542,499.55 USD,7.92 USD,23-09-2020,13:37:01,0 USD,0 USD,MARKET,Over the Counter (OTC),1,7.92 USD
10,POS440278819,NKE/US6541061031,Buy,0.00595,129.41 USD,0.77 USD,23-09-2020,13:37:01,0 USD,0 USD,MARKET,Over the Counter (OTC),1,0.77 USD
11,POS440278862,V/US92826C8394,Buy,0.0146485,200.02 USD,2.93 USD,23-09-2020,13:37:01,0 USD,0 USD,MARKET,Over the Counter (OTC),1,2.93 USD
12,POS440279167,SPOT/LU1778762911,Buy,0.0061086,237.37 USD,1.45 USD,23-09-2020,13:37:01,0 USD,0 USD,MARKET,Over the Counter (OTC),1,1.45 USD
13,POS440278801,SHOP/CA82509L1076,Buy,0.0013311,939.01 USD,1.25 USD,23-09-2020,13:37:01,0 USD,0 USD,MARKET,Over the Counter (OTC),1,1.25 USD
14,POS440278896,SQ/US8522341036,Buy,0.0309734,153.68 USD,4.76 USD,23-09-2020,13:37:01,0 USD,0 USD,MARKET,Over the Counter (OTC),1,4.76 USD
15,POS440278547,ADBE/US00724F1012,Buy,0.0060743,480.71 USD,2.92 USD,23-09-2020,13:37:01,0 USD,0 USD,MARKET,Over the Counter (OTC),1,2.92 USD
16,POS440278632,DIS/US2546871060,Buy,0.0651334,126.97 USD,8.27 USD,23-09-2020,13:37:01,0 USD,0 USD,MARKET,Over the Counter (OTC),1,8.27 USD
17,POS440278761,PYPL/US70450Y1038,Buy,0.006908,186.74 USD,1.29 USD,23-09-2020,13:37:01,0 USD,0 USD,MARKET,Over the Counter (OTC),1,1.29 USD
18,POS440278788,COST/US22160K1051,Buy,0.0082227,346.6 USD,2.85 USD,23-09-2020,13:37:02,0 USD,0 USD,MARKET,Over the Counter (OTC),1,2.85 USD
19,POS440278846,CRM/US79466L3024,Buy,0.0055619,244.52 USD,1.36 USD,23-09-2020,13:37:02,0 USD,0 USD,MARKET,Over the Counter (OTC),1,1.36 USD
20,POS440278831,STOR/US8621211007,Buy,0.047566,27.12 USD,1.29 USD,23-09-2020,13:37:02,0 USD,0 USD,MARKET,Over the Counter (OTC),1,1.29 USD
21,POS440279017,MA/US57636Q1040,Buy,0.0088782,333.4 USD,2.96 USD,23-09-2020,13:37:04,0 USD,0 USD,MARKET,Over the Counter (OTC),1,2.96 USD
22,POS440279306,LMND/US52567D1072,Buy,0.078551,53.85 USD,4.23 USD,23-09-2020,13:37:04,0 USD,0 USD,MARKET,Over the Counter (OTC),1,4.23 USD
23,POS440278885,O/US7561091049,Buy,0.020922,60.7 USD,1.27 USD,23-09-2020,13:37:06,0 USD,0 USD,MARKET,Over the Counter (OTC),1,1.27 USD
24,POS440278774,SBUX/US8552441094,Buy,0.033581,84.57 USD,2.84 USD,23-09-2020,13:37:07,0 USD,0 USD,MARKET,Over the Counter (OTC),1,2.84 USD
25,POS440278812,TSLA/US88160R1014,Buy,0.0629075,398.68 USD,25.08 USD,23-09-2020,13:55:10,0 USD,0 USD,MARKET,Over the Counter (OTC),1,25.08 USD
26,POS440278579,AAPL/US0378331005,Buy,0.0547376,110.71 USD,6.06 USD,23-09-2020,15:12:20,0 USD,0 USD,MARKET,Over the Counter (OTC),1,6.06 USD
27,POS440278547,ADBE/US00724F1012,Buy,0.0029162,483.49 USD,1.41 USD,23-09-2020,15:12:20,0 USD,0 USD,MARKET,Over the Counter (OTC),1,1.41 USD
28,POS440278645,GOOGL/US02079K3059,Buy,0.00161983,1438.42 USD,2.33 USD,23-09-2020,15:12:20,0 USD,0 USD,MARKET,Over the Counter (OTC),1,2.33 USD
29,POS440278616,FB/US30303M1027,Buy,0.0085383,255.32 USD,2.18 USD,23-09-2020,15:12:20,0 USD,0 USD,MARKET,Over the Counter (OTC),1,2.18 USD
30,POS440278687,MSFT/US5949181045,Buy,0.0117406,205.27 USD,2.41 USD,23-09-2020,15:12:20,0 USD,0 USD,MARKET,Over the Counter (OTC),1,2.41 USD
31,POS440278709,NVDA/US67066G1040,Buy,0.0065425,504.39 USD,3.3 USD,23-09-2020,15:12:20,0 USD,0 USD,MARKET,Over the Counter (OTC),1,3.3 USD
32,POS440278846,CRM/US79466L3024,Buy,0.0032711,244.56 USD,0.8 USD,23-09-2020,15:12:20,0 USD,0 USD,MARKET,Over the Counter (OTC),1,0.8 USD
33,POS440278862,V/US92826C8394,Buy,0.0079743,199.39 USD,1.59 USD,23-09-2020,15:12:20,0 USD,0 USD,MARKET,Over the Counter (OTC),1,1.59 USD
34,POS440278561,AMZN/US0231351067,Buy,0.00149312,3087.49 USD,4.61 USD,23-09-2020,15:12:20,0 USD,0 USD,MARKET,Over the Counter (OTC),1,4.61 USD
35,POS440278632,DIS/US2546871060,Buy,0.0347721,125.1 USD,4.35 USD,23-09-2020,15:12:20,0 USD,0 USD,MARKET,Over the Counter (OTC),1,4.35 USD
36,POS440278735,NFLX/US64110L1061,Buy,0.0093428,483.79 USD,4.52 USD,23-09-2020,15:12:20,0 USD,0 USD,MARKET,Over the Counter (OTC),1,4.52 USD
37,POS440278774,SBUX/US8552441094,Buy,0.018358,84.43 USD,1.55 USD,23-09-2020,15:12:20,0 USD,0 USD,MARKET,Over the Counter (OTC),1,1.55 USD
38,POS440279017,MA/US57636Q1040,Buy,0.0047867,332.17 USD,1.59 USD,23-09-2020,15:12:20,0 USD,0 USD,MARKET,Over the Counter (OTC),1,1.59 USD
39,POS440278885,O/US7561091049,Buy,0.014766,60.27 USD,0.89 USD,23-09-2020,15:12:21,0 USD,0 USD,MARKET,Over the Counter (OTC),1,0.89 USD
40,POS440278896,SQ/US8522341036,Buy,0.011392,156.25 USD,1.78 USD,23-09-2020,15:12:21,0 USD,0 USD,MARKET,Over the Counter (OTC),1,1.78 USD
41,POS440278554,BABA/US01609W1027,Buy,0.0083692,276.01 USD,2.31 USD,23-09-2020,15:12:21,0 USD,0 USD,MARKET,Over the Counter (OTC),1,2.31 USD
42,POS440278788,COST/US22160K1051,Buy,0.0043562,346.63 USD,1.51 USD,23-09-2020,15:12:21,0 USD,0 USD,MARKET,Over the Counter (OTC),1,1.51 USD
43,POS440278761,PYPL/US70450Y1038,Buy,0.0042266,186.91 USD,0.79 USD,23-09-2020,15:12:21,0 USD,0 USD,MARKET,Over the Counter (OTC),1,0.79 USD
44,POS440278819,NKE/US6541061031,Buy,0.0147833,127.17 USD,1.88 USD,23-09-2020,15:12:21,0 USD,0 USD,MARKET,Over the Counter (OTC),1,1.88 USD
45,POS440278801,SHOP/CA82509L1076,Buy,0.0007737,943.45 USD,0.73 USD,23-09-2020,15:12:21,0 USD,0 USD,MARKET,Over the Counter (OTC),1,0.73 USD
46,POS440279167,SPOT/LU1778762911,Buy,0.0018475,243.57 USD,0.45 USD,23-09-2020,15:12:22,0 USD,0 USD,MARKET,Over the Counter (OTC),1,0.45 USD
47,POS440278831,STOR/US8621211007,Buy,0.03705,26.72 USD,0.99 USD,23-09-2020,15:12:26,0 USD,0 USD,MARKET,Over the Counter (OTC),1,0.99 USD
48,POS440279306,LMND/US52567D1072,Buy,0.033963,54.47 USD,1.85 USD,23-09-2020,15:12:28,0 USD,0 USD,MARKET,Over the Counter (OTC),1,1.85 USD
49,POS440278812,TSLA/US88160R1014,Buy,0.0634888,395.66 USD,25.12 USD,23-09-2020,15:20:15,0 USD,0 USD,MARKET,Over the Counter (OTC),1,25.12 USD
50,POS440278812,TSLA/US88160R1014,Buy,0.0650499,384.32 USD,25 USD,23-09-2020,15:53:25,0 USD,0 USD,MARKET,Over the Counter (OTC),1,25 USD
51,POS440278547,ADBE/US00724F1012,Buy,0.0007728,478.72 USD,0.37 USD,23-09-2020,16:04:35,0 USD,0 USD,MARKET,Over the Counter (OTC),1,0.37 USD
52,POS440278579,AAPL/US0378331005,Buy,0.042088,109.77 USD,4.62 USD,23-09-2020,16:04:35,0 USD,0 USD,MARKET,Over the Counter (OTC),1,4.62 USD
53,POS440278561,AMZN/US0231351067,Buy,0.00108639,3055.98 USD,3.32 USD,23-09-2020,16:04:35,0 USD,0 USD,MARKET,Over the Counter (OTC),1,3.32 USD
54,POS440278632,DIS/US2546871060,Buy,0.018297,124.61 USD,2.28 USD,23-09-2020,16:04:35,0 USD,0 USD,MARKET,Over the Counter (OTC),1,2.28 USD
55,POS440278616,FB/US30303M1027,Buy,0.0046842,251.91 USD,1.18 USD,23-09-2020,16:04:35,0 USD,0 USD,MARKET,Over the Counter (OTC),1,1.18 USD
56,POS440279017,MA/US57636Q1040,Buy,0.0011246,328.98 USD,0.37 USD,23-09-2020,16:04:35,0 USD,0 USD,MARKET,Over the Counter (OTC),1,0.37 USD
57,POS440278687,MSFT/US5949181045,Buy,0.0048036,204.01 USD,0.98 USD,23-09-2020,16:04:35,0 USD,0 USD,MARKET,Over the Counter (OTC),1,0.98 USD
58,POS440278862,V/US92826C8394,Buy,0.0015659,197.96 USD,0.31 USD,23-09-2020,16:04:35,0 USD,0 USD,MARKET,Over the Counter (OTC),1,0.31 USD
59,POS440278896,SQ/US8522341036,Buy,0.0091425,153.13 USD,1.4 USD,23-09-2020,16:04:35,0 USD,0 USD,MARKET,Over the Counter (OTC),1,1.4 USD
60,POS440278645,GOOGL/US02079K3059,Buy,0.00074293,1426.78 USD,1.06 USD,23-09-2020,16:04:35,0 USD,0 USD,MARKET,Over the Counter (OTC),1,1.06 USD
61,POS440278709,NVDA/US67066G1040,Buy,0.0049611,499.88 USD,2.48 USD,23-09-2020,16:04:36,0 USD,0 USD,MARKET,Over the Counter (OTC),1,2.48 USD
62,POS440278735,NFLX/US64110L1061,Buy,0.0067784,479.46 USD,3.25 USD,23-09-2020,16:04:36,0 USD,0 USD,MARKET,Over the Counter (OTC),1,3.25 USD
63,POS440278788,COST/US22160K1051,Buy,0.0008126,344.57 USD,0.28 USD,23-09-2020,16:04:37,0 USD,0 USD,MARKET,Over the Counter (OTC),1,0.28 USD
64,POS440278554,BABA/US01609W1027,Buy,0.0037607,273.88 USD,1.03 USD,23-09-2020,16:04:39,0 USD,0 USD,MARKET,Over the Counter (OTC),1,1.03 USD
65,POS440279306,LMND/US52567D1072,Buy,0.034254,52.84 USD,1.81 USD,23-09-2020,16:04:54,0 USD,0 USD,MARKET,Over the Counter (OTC),1,1.81 USD
66,POS440278561,AMZN/US0231351067,Buy,0.00065892,3065.58 USD,2.02 USD,23-09-2020,16:49:35,0 USD,0 USD,MARKET,Over the Counter (OTC),1,2.02 USD
67,POS440278616,FB/US30303M1027,Buy,0.0043322,253.91 USD,1.1 USD,23-09-2020,16:49:35,0 USD,0 USD,MARKET,Over the Counter (OTC),1,1.1 USD
68,POS440278554,BABA/US01609W1027,Buy,0.0044365,274.99 USD,1.22 USD,23-09-2020,16:49:35,0 USD,0 USD,MARKET,Over the Counter (OTC),1,1.22 USD
69,POS440278645,GOOGL/US02079K3059,Buy,0.00081533,1435 USD,1.17 USD,23-09-2020,16:49:35,0 USD,0 USD,MARKET,Over the Counter (OTC),1,1.17 USD
70,POS440278709,NVDA/US67066G1040,Buy,0.0038177,500.3 USD,1.91 USD,23-09-2020,16:49:35,0 USD,0 USD,MARKET,Over the Counter (OTC),1,1.91 USD
71,POS440278801,SHOP/CA82509L1076,Buy,0.000297,942.5 USD,0.28 USD,23-09-2020,16:49:35,0 USD,0 USD,MARKET,Over the Counter (OTC),1,0.28 USD
72,POS440278896,SQ/US8522341036,Buy,0.0079344,153.76 USD,1.22 USD,23-09-2020,16:49:35,0 USD,0 USD,MARKET,Over the Counter (OTC),1,1.22 USD
73,POS440278846,CRM/US79466L3024,Buy,0.0015666,242.56 USD,0.38 USD,23-09-2020,16:49:35,0 USD,0 USD,MARKET,Over the Counter (OTC),1,0.38 USD
74,POS440278579,AAPL/US0378331005,Buy,0.0249431,109.85 USD,2.74 USD,23-09-2020,16:49:35,0 USD,0 USD,MARKET,Over the Counter (OTC),1,2.74 USD
75,POS440278774,SBUX/US8552441094,Buy,0.014201,84.5 USD,1.2 USD,23-09-2020,16:49:35,0 USD,0 USD,MARKET,Over the Counter (OTC),1,1.2 USD
76,POS440278819,NKE/US6541061031,Buy,0.0076258,128.51 USD,0.98 USD,23-09-2020,16:49:35,0 USD,0 USD,MARKET,Over the Counter (OTC),1,0.98 USD
77,POS440278687,MSFT/US5949181045,Buy,0.0061082,204.64 USD,1.25 USD,23-09-2020,16:49:35,0 USD,0 USD,MARKET,Over the Counter (OTC),1,1.25 USD
78,POS440278735,NFLX/US64110L1061,Buy,0.003836,482.27 USD,1.85 USD,23-09-2020,16:49:36,0 USD,0 USD,MARKET,Over the Counter (OTC),1,1.85 USD
79,POS440278862,V/US92826C8394,Buy,0.0049843,198.62 USD,0.99 USD,23-09-2020,16:49:36,0 USD,0 USD,MARKET,Over the Counter (OTC),1,0.99 USD
80,POS440278547,ADBE/US00724F1012,Buy,0.0018882,481.94 USD,0.91 USD,23-09-2020,16:49:37,0 USD,0 USD,MARKET,Over the Counter (OTC),1,0.91 USD
81,POS440279017,MA/US57636Q1040,Buy,0.0027793,331.01 USD,0.92 USD,23-09-2020,16:49:38,0 USD,0 USD,MARKET,Over the Counter (OTC),1,0.92 USD
82,POS440278788,COST/US22160K1051,Buy,0.0026542,346.62 USD,0.92 USD,23-09-2020,16:49:38,0 USD,0 USD,MARKET,Over the Counter (OTC),1,0.92 USD
83,POS440278885,O/US7561091049,Buy,0.004647,60.25 USD,0.28 USD,23-09-2020,16:49:40,0 USD,0 USD,MARKET,Over the Counter (OTC),1,0.28 USD
84,POS440278761,PYPL/US70450Y1038,Buy,0.0016646,186.22 USD,0.31 USD,23-09-2020,16:49:40,0 USD,0 USD,MARKET,Over the Counter (OTC),1,0.31 USD
85,POS440278632,DIS/US2546871060,Buy,0.0140732,125.06 USD,1.76 USD,23-09-2020,16:49:41,0 USD,0 USD,MARKET,Over the Counter (OTC),1,1.76 USD
86,POS440278831,STOR/US8621211007,Buy,0.012016,26.63 USD,0.32 USD,23-09-2020,16:49:42,0 USD,0 USD,MARKET,Over the Counter (OTC),1,0.32 USD
87,POS440279167,SPOT/LU1778762911,Buy,0.0018707,240.54 USD,0.45 USD,23-09-2020,16:49:47,0 USD,0 USD,MARKET,Over the Counter (OTC),1,0.45 USD
88,POS440279306,LMND/US52567D1072,Buy,0.018355,53.39 USD,0.98 USD,23-09-2020,16:49:47,0 USD,0 USD,MARKET,Over the Counter (OTC),1,0.98 USD
89,POS440278616,FB/US30303M1027,Buy,0.0039823,251.11 USD,1 USD,23-09-2020,18:12:10,0 USD,0 USD,MARKET,Over the Counter (OTC),1,1 USD
90,POS440278561,AMZN/US0231351067,Buy,0.00057798,3027.78 USD,1.75 USD,23-09-2020,18:12:10,0 USD,0 USD,MARKET,Over the Counter (OTC),1,1.75 USD
91,POS440278846,CRM/US79466L3024,Buy,0.0021008,238 USD,0.5 USD,23-09-2020,18:12:10,0 USD,0 USD,MARKET,Over the Counter (OTC),1,0.5 USD
92,POS440278735,NFLX/US64110L1061,Buy,0.0036767,475.96 USD,1.75 USD,23-09-2020,18:12:10,0 USD,0 USD,MARKET,Over the Counter (OTC),1,1.75 USD
93,POS440278709,NVDA/US67066G1040,Buy,0.0030352,494.2 USD,1.5 USD,23-09-2020,18:12:10,0 USD,0 USD,MARKET,Over the Counter (OTC),1,1.5 USD
94,POS440278761,PYPL/US70450Y1038,Buy,0.0027252,183.47 USD,0.5 USD,23-09-2020,18:12:10,0 USD,0 USD,MARKET,Over the Counter (OTC),1,0.5 USD
95,POS440278687,MSFT/US5949181045,Buy,0.0049195,203.27 USD,1 USD,23-09-2020,18:12:10,0 USD,0 USD,MARKET,Over the Counter (OTC),1,1 USD
96,POS440278812,TSLA/US88160R1014,Buy,0.0038986,384.75 USD,1.5 USD,23-09-2020,18:12:10,0 USD,0 USD,MARKET,Over the Counter (OTC),1,1.5 USD
97,POS440278896,SQ/US8522341036,Buy,0.0065915,151.71 USD,1 USD,23-09-2020,18:12:10,0 USD,0 USD,MARKET,Over the Counter (OTC),1,1 USD
98,POS440278547,ADBE/US00724F1012,Buy,0.0015727,476.88 USD,0.75 USD,23-09-2020,18:12:11,0 USD,0 USD,MARKET,Over the Counter (OTC),1,0.75 USD
99,POS440279264,PEP/US7134481081,Buy,0.0019129,130.69 USD,0.25 USD,23-09-2020,18:12:11,0 USD,0 USD,MARKET,Over the Counter (OTC),1,0.25 USD
100,POS440278788,COST/US22160K1051,Buy,0.002165,346.42 USD,0.75 USD,23-09-2020,18:12:11,0 USD,0 USD,MARKET,Over the Counter (OTC),1,0.75 USD
101,POS440279167,SPOT/LU1778762911,Buy,0.0021081,237.17 USD,0.5 USD,23-09-2020,18:12:11,0 USD,0 USD,MARKET,Over the Counter (OTC),1,0.5 USD
102,POS440278862,V/US92826C8394,Buy,0.0038044,197.14 USD,0.75 USD,23-09-2020,18:12:11,0 USD,0 USD,MARKET,Over the Counter (OTC),1,0.75 USD
103,POS440278579,AAPL/US0378331005,Buy,0.0207449,108.46 USD,2.25 USD,23-09-2020,18:12:11,0 USD,0 USD,MARKET,Over the Counter (OTC),1,2.25 USD
104,POS440278645,GOOGL/US02079K3059,Buy,0.00070363,1421.2 USD,1 USD,23-09-2020,18:12:12,0 USD,0 USD,MARKET,Over the Counter (OTC),1,1 USD
105,POS440278801,SHOP/CA82509L1076,Buy,0.0005375,930.19 USD,0.5 USD,23-09-2020,18:12:12,0 USD,0 USD,MARKET,Over the Counter (OTC),1,0.5 USD
106,POS440279017,MA/US57636Q1040,Buy,0.0022856,328.13 USD,0.75 USD,23-09-2020,18:12:12,0 USD,0 USD,MARKET,Over the Counter (OTC),1,0.75 USD
107,POS440278885,O/US7561091049,Buy,0.008333,60 USD,0.5 USD,23-09-2020,18:12:12,0 USD,0 USD,MARKET,Over the Counter (OTC),1,0.5 USD
108,POS440278831,STOR/US8621211007,Buy,0.018775,26.63 USD,0.5 USD,23-09-2020,18:12:13,0 USD,0 USD,MARKET,Over the Counter (OTC),1,0.5 USD
109,POS440278819,NKE/US6541061031,Buy,0.0058699,127.77 USD,0.75 USD,23-09-2020,18:12:14,0 USD,0 USD,MARKET,Over the Counter (OTC),1,0.75 USD
110,POS440278632,DIS/US2546871060,Buy,0.0120365,124.62 USD,1.5 USD,23-09-2020,18:12:15,0 USD,0 USD,MARKET,Over the Counter (OTC),1,1.5 USD
111,POS440278554,BABA/US01609W1027,Buy,0.0036583,273.35 USD,1 USD,23-09-2020,18:12:15,0 USD,0 USD,MARKET,Over the Counter (OTC),1,1 USD
112,POS440278946,NEE/US65339F1012,Buy,0.0009034,276.72 USD,0.25 USD,23-09-2020,18:12:15,0 USD,0 USD,MARKET,Over the Counter (OTC),1,0.25 USD
113,POS440278774,SBUX/US8552441094,Buy,0.008923,84.05 USD,0.75 USD,23-09-2020,18:12:15,0 USD,0 USD,MARKET,Over the Counter (OTC),1,0.75 USD
114,POS440279054,JNJ/US4781601046,Buy,0.0017152,145.75 USD,0.25 USD,23-09-2020,18:12:15,0 USD,0 USD,MARKET,Over the Counter (OTC),1,0.25 USD
115,POS440279083,KO/US1912161007,Buy,0.005094,49.07 USD,0.25 USD,23-09-2020,18:12:16,0 USD,0 USD,MARKET,Over the Counter (OTC),1,0.25 USD
116,POS440279306,LMND/US52567D1072,Buy,0.01923,52 USD,1 USD,23-09-2020,18:12:16,0 USD,0 USD,MARKET,Over the Counter (OTC),1,1 USD
117,POS440280033,WM/US94106L1098,Buy,0.0022028,113.49 USD,0.25 USD,23-09-2020,18:12:19,0 USD,0 USD,MARKET,Over the Counter (OTC),1,0.25 USD
118,POS440278561,AMZN/US0231351067,Buy,0.00125874,3018.88 USD,3.8 USD,23-09-2020,18:20:45,0 USD,0 USD,MARKET,Over the Counter (OTC),1,3.8 USD
119,POS440278554,BABA/US01609W1027,Buy,0.0073252,273.03 USD,2 USD,23-09-2020,18:20:45,0 USD,0 USD,MARKET,Over the Counter (OTC),1,2 USD
120,POS440278632,DIS/US2546871060,Buy,0.0228626,124.22 USD,2.84 USD,23-09-2020,18:20:45,0 USD,0 USD,MARKET,Over the Counter (OTC),1,2.84 USD
121,POS440278645,GOOGL/US02079K3059,Buy,0.00153033,1417.99 USD,2.17 USD,23-09-2020,18:20:45,0 USD,0 USD,MARKET,Over the Counter (OTC),1,2.17 USD
122,POS440278846,CRM/US79466L3024,Buy,0.0058578,237.29 USD,1.39 USD,23-09-2020,18:20:45,0 USD,0 USD,MARKET,Over the Counter (OTC),1,1.39 USD
123,POS440278687,MSFT/US5949181045,Buy,0.010414,202.61 USD,2.11 USD,23-09-2020,18:20:45,0 USD,0 USD,MARKET,Over the Counter (OTC),1,2.11 USD
124,POS440278709,NVDA/US67066G1040,Buy,0.0070345,491.86 USD,3.46 USD,23-09-2020,18:20:45,0 USD,0 USD,MARKET,Over the Counter (OTC),1,3.46 USD
125,POS440278735,NFLX/US64110L1061,Buy,0.0082679,474.12 USD,3.92 USD,23-09-2020,18:20:45,0 USD,0 USD,MARKET,Over the Counter (OTC),1,3.92 USD
126,POS440278862,V/US92826C8394,Buy,0.0083905,196.65 USD,1.65 USD,23-09-2020,18:20:45,0 USD,0 USD,MARKET,Over the Counter (OTC),1,1.65 USD
127,POS440278774,SBUX/US8552441094,Buy,0.018951,83.9 USD,1.59 USD,23-09-2020,18:20:45,0 USD,0 USD,MARKET,Over the Counter (OTC),1,1.59 USD
128,POS440278761,PYPL/US70450Y1038,Buy,0.0073292,182.83 USD,1.34 USD,23-09-2020,18:20:46,0 USD,0 USD,MARKET,Over the Counter (OTC),1,1.34 USD
129,POS440278616,FB/US30303M1027,Buy,0.0089007,250.54 USD,2.23 USD,23-09-2020,18:20:46,0 USD,0 USD,MARKET,Over the Counter (OTC),1,2.23 USD
130,POS440278579,AAPL/US0378331005,Buy,0.0454167,108.11 USD,4.91 USD,23-09-2020,18:20:46,0 USD,0 USD,MARKET,Over the Counter (OTC),1,4.91 USD
131,POS440278819,NKE/US6541061031,Buy,0.0132179,127.1 USD,1.68 USD,23-09-2020,18:20:46,0 USD,0 USD,MARKET,Over the Counter (OTC),1,1.68 USD
132,POS440278801,SHOP/CA82509L1076,Buy,0.0013636,931.29 USD,1.27 USD,23-09-2020,18:20:46,0 USD,0 USD,MARKET,Over the Counter (OTC),1,1.27 USD
133,POS440278896,SQ/US8522341036,Buy,0.0159708,150.9 USD,2.41 USD,23-09-2020,18:20:46,0 USD,0 USD,MARKET,Over the Counter (OTC),1,2.41 USD
134,POS440279167,SPOT/LU1778762911,Buy,0.0054933,236.65 USD,1.3 USD,23-09-2020,18:20:46,0 USD,0 USD,MARKET,Over the Counter (OTC),1,1.3 USD
135,POS440278788,COST/US22160K1051,Buy,0.0043414,345.51 USD,1.5 USD,23-09-2020,18:20:47,0 USD,0 USD,MARKET,Over the Counter (OTC),1,1.5 USD
136,POS440279017,MA/US57636Q1040,Buy,0.0051324,327.33 USD,1.68 USD,23-09-2020,18:20:47,0 USD,0 USD,MARKET,Over the Counter (OTC),1,1.68 USD
137,POS440278547,ADBE/US00724F1012,Buy,0.0036583,475.62 USD,1.74 USD,23-09-2020,18:20:47,0 USD,0 USD,MARKET,Over the Counter (OTC),1,1.74 USD
138,POS440278885,O/US7561091049,Buy,0.019391,59.82 USD,1.16 USD,23-09-2020,18:20:49,0 USD,0 USD,MARKET,Over the Counter (OTC),1,1.16 USD
139,POS440278831,STOR/US8621211007,Buy,0.041384,26.58 USD,1.1 USD,23-09-2020,18:20:50,0 USD,0 USD,MARKET,Over the Counter (OTC),1,1.1 USD
140,POS440279306,LMND/US52567D1072,Buy,0.05185,51.88 USD,2.69 USD,23-09-2020,18:21:03,0 USD,0 USD,MARKET,Over the Counter (OTC),1,2.69 USD
141,POS440278812,TSLA/US88160R1014,Buy,0.2657398,376.91 USD,100.16 USD,23-09-2020,19:07:50,0 USD,0 USD,MARKET,Over the Counter (OTC),1,100.16 USD
142,POS440278554,BABA/US01609W1027,Buy,0.0011012,272.41 USD,0.3 USD,23-09-2020,19:09:35,0 USD,0 USD,MARKET,Over the Counter (OTC),1,0.3 USD
143,POS440278561,AMZN/US0231351067,Buy,0.00135864,3003 USD,4.08 USD,23-09-2020,19:09:35,0 USD,0 USD,MARKET,Over the Counter (OTC),1,4.08 USD
144,POS440278645,GOOGL/US02079K3059,Buy,0.00031913,1410.07 USD,0.45 USD,23-09-2020,19:09:35,0 USD,0 USD,MARKET,Over the Counter (OTC),1,0.45 USD
145,POS440278687,MSFT/US5949181045,Buy,0.0023369,201.12 USD,0.47 USD,23-09-2020,19:09:35,0 USD,0 USD,MARKET,Over the Counter (OTC),1,0.47 USD
146,POS440278735,NFLX/US64110L1061,Buy,0.0086998,471.27 USD,4.1 USD,23-09-2020,19:09:35,0 USD,0 USD,MARKET,Over the Counter (OTC),1,4.1 USD
147,POS440278616,FB/US30303M1027,Buy,0.0018088,248.77 USD,0.45 USD,23-09-2020,19:09:35,0 USD,0 USD,MARKET,Over the Counter (OTC),1,0.45 USD
148,POS440278709,NVDA/US67066G1040,Buy,0.0063317,486.44 USD,3.08 USD,23-09-2020,19:09:35,0 USD,0 USD,MARKET,Over the Counter (OTC),1,3.08 USD
149,POS440278579,AAPL/US0378331005,Buy,0.0620979,107.25 USD,6.66 USD,23-09-2020,19:09:35,0 USD,0 USD,MARKET,Over the Counter (OTC),1,6.66 USD
150,POS440278896,SQ/US8522341036,Buy,0.0054593,148.37 USD,0.81 USD,23-09-2020,19:09:35,0 USD,0 USD,MARKET,Over the Counter (OTC),1,0.81 USD
151,POS440278632,DIS/US2546871060,Buy,0.0243605,123.15 USD,3 USD,23-09-2020,19:09:35,0 USD,0 USD,MARKET,Over the Counter (OTC),1,3 USD
152,POS440279306,LMND/US52567D1072,Buy,0.030606,49.99 USD,1.53 USD,23-09-2020,19:09:44,0 USD,0 USD,MARKET,Over the Counter (OTC),1,1.53 USD
153,POS440278632,DIS/US2546871060,Buy,1.6205248,123.46 USD,200.07 USD,23-09-2020,19:30:31,0 USD,0 USD,MARKET,Over the Counter (OTC),1,200.07 USD
154,POS440278831,STOR/US8621211007,Buy,3.802281,26.3 USD,100 USD,23-09-2020,19:32:36,0 USD,0 USD,MARKET,Over the Counter (OTC),1,100 USD
1,POS440279083,KO/US1912161007,Buy,0.020943,49.18 USD,1.03 USD,22-09-2020,13:32:11,0 USD,0 USD,MARKET,Over the Counter (OTC),1,1.03 USD
2,POS440278616,FB/US30303M1027,Buy,0.015478,251.97 USD,3.9 USD,22-09-2020,13:32:12,0 USD,0 USD,MARKET,Over the Counter (OTC),1,3.9 USD
3,POS440278761,PYPL/US70450Y1038,Buy,0.0104166,186.24 USD,1.94 USD,22-09-2020,13:32:12,0 USD,0 USD,MARKET,Over the Counter (OTC),1,1.94 USD
4,POS440278645,GOOGL/US02079K3059,Buy,0.00271369,1448.21 USD,3.93 USD,22-09-2020,13:32:13,0 USD,0 USD,MARKET,Over the Counter (OTC),1,3.93 USD
5,POS440278709,NVDA/US67066G1040,Buy,0.011923,501.55 USD,5.98 USD,22-09-2020,13:32:17,0 USD,0 USD,MARKET,Over the Counter (OTC),1,5.98 USD
6,POS440278819,NKE/US6541061031,Buy,0.0274637,113.24 USD,3.11 USD,22-09-2020,13:32:17,0 USD,0 USD,MARKET,Over the Counter (OTC),1,3.11 USD
7,POS440278554,BABA/US01609W1027,Buy,0.0144785,276.27 USD,4 USD,22-09-2020,13:32:17,0 USD,0 USD,MARKET,Over the Counter (OTC),1,4 USD
8,POS440278735,NFLX/US64110L1061,Buy,0.0140896,491.14 USD,6.92 USD,22-09-2020,13:32:19,0 USD,0 USD,MARKET,Over the Counter (OTC),1,6.92 USD
9,POS440278632,DIS/US2546871060,Buy,0.0491986,125.41 USD,6.17 USD,22-09-2020,13:32:20,0 USD,0 USD,MARKET,Over the Counter (OTC),1,6.17 USD
10,POS440278687,MSFT/US5949181045,Buy,0.0187749,205.06 USD,3.85 USD,22-09-2020,13:32:48,0 USD,0 USD,MARKET,Over the Counter (OTC),1,3.85 USD
11,POS440278579,AAPL/US0378331005,Buy,0.0718227,112.36 USD,8.07 USD,22-09-2020,13:33:27,0 USD,0 USD,MARKET,Over the Counter (OTC),1,8.07 USD
12,POS440278561,AMZN/US0231351067,Buy,0.00204813,3032.02 USD,6.21 USD,22-09-2020,13:33:37,0 USD,0 USD,MARKET,Over the Counter (OTC),1,6.21 USD
13,POS440279306,LMND/US52567D1072,Buy,0.079745,53.42 USD,4.26 USD,22-09-2020,13:33:37,0 USD,0 USD,MARKET,Over the Counter (OTC),1,4.26 USD
14,POS440278788,COST/US22160K1051,Buy,0.0089445,340.99 USD,3.05 USD,22-09-2020,13:33:39,0 USD,0 USD,MARKET,Over the Counter (OTC),1,3.05 USD
15,POS440278885,O/US7561091049,Buy,0.034079,60.74 USD,2.07 USD,22-09-2020,13:33:51,0 USD,0 USD,MARKET,Over the Counter (OTC),1,2.07 USD
16,POS440279017,MA/US57636Q1040,Buy,0.009154,329.91 USD,3.02 USD,22-09-2020,13:33:55,0 USD,0 USD,MARKET,Over the Counter (OTC),1,3.02 USD
17,POS440279167,SPOT/LU1778762911,Buy,0.0085423,239.98 USD,2.05 USD,22-09-2020,13:33:55,0 USD,0 USD,MARKET,Over the Counter (OTC),1,2.05 USD
18,POS440278946,NEE/US65339F1012,Buy,0.0036797,277.19 USD,1.02 USD,22-09-2020,13:33:56,0 USD,0 USD,MARKET,Over the Counter (OTC),1,1.02 USD
19,POS440278547,ADBE/US00724F1012,Buy,0.0061609,478.82 USD,2.95 USD,22-09-2020,13:34:00,0 USD,0 USD,MARKET,Over the Counter (OTC),1,2.95 USD
20,POS440280033,WM/US94106L1098,Buy,0.009273,114.31 USD,1.06 USD,22-09-2020,13:34:03,0 USD,0 USD,MARKET,Over the Counter (OTC),1,1.06 USD
21,POS440278831,STOR/US8621211007,Buy,0.077839,26.85 USD,2.09 USD,22-09-2020,13:34:07,0 USD,0 USD,MARKET,Over the Counter (OTC),1,2.09 USD
22,POS440278812,TSLA/US88160R1014,Buy,0.0165141,431.75 USD,7.13 USD,22-09-2020,13:34:13,0 USD,0 USD,MARKET,Over the Counter (OTC),1,7.13 USD
23,POS440279264,PEP/US7134481081,Buy,0.0078326,131.5 USD,1.03 USD,22-09-2020,13:34:19,0 USD,0 USD,MARKET,Over the Counter (OTC),1,1.03 USD
24,POS440278774,SBUX/US8552441094,Buy,0.037249,83.76 USD,3.12 USD,22-09-2020,13:34:21,0 USD,0 USD,MARKET,Over the Counter (OTC),1,3.12 USD
25,POS440278846,CRM/US79466L3024,Buy,0.0081409,246.9 USD,2.01 USD,22-09-2020,13:34:23,0 USD,0 USD,MARKET,Over the Counter (OTC),1,2.01 USD
26,POS440278896,SQ/US8522341036,Buy,0.0262916,152.9 USD,4.02 USD,22-09-2020,13:34:28,0 USD,0 USD,MARKET,Over the Counter (OTC),1,4.02 USD
27,POS440278801,SHOP/CA82509L1076,Buy,0.0020531,940 USD,1.93 USD,22-09-2020,13:34:31,0 USD,0 USD,MARKET,Over the Counter (OTC),1,1.93 USD
28,POS440278862,V/US92826C8394,Buy,0.015421,198.43 USD,3.06 USD,22-09-2020,13:34:34,0 USD,0 USD,MARKET,Over the Counter (OTC),1,3.06 USD
29,POS440279054,JNJ/US4781601046,Buy,0.0070412,144.86 USD,1.02 USD,22-09-2020,13:34:39,0 USD,0 USD,MARKET,Over the Counter (OTC),1,1.02 USD
30,POS440278561,AMZN/US0231351067,Buy,0.0021796,3046.42 USD,6.64 USD,22-09-2020,15:51:00,0 USD,0 USD,MARKET,Over the Counter (OTC),1,6.64 USD
31,POS440278846,CRM/US79466L3024,Buy,0.0080668,245.45 USD,1.98 USD,22-09-2020,15:51:00,0 USD,0 USD,MARKET,Over the Counter (OTC),1,1.98 USD
32,POS440278632,DIS/US2546871060,Buy,0.0443318,126.32 USD,5.6 USD,22-09-2020,15:51:00,0 USD,0 USD,MARKET,Over the Counter (OTC),1,5.6 USD
33,POS440278554,BABA/US01609W1027,Buy,0.0154038,272.01 USD,4.19 USD,22-09-2020,15:51:00,0 USD,0 USD,MARKET,Over the Counter (OTC),1,4.19 USD
34,POS440278687,MSFT/US5949181045,Buy,0.0197174,203.88 USD,4.02 USD,22-09-2020,15:51:00,0 USD,0 USD,MARKET,Over the Counter (OTC),1,4.02 USD
35,POS440278645,GOOGL/US02079K3059,Buy,0.00275835,1442.89 USD,3.98 USD,22-09-2020,15:51:00,0 USD,0 USD,MARKET,Over the Counter (OTC),1,3.98 USD
36,POS440278709,NVDA/US67066G1040,Buy,0.0131178,492.46 USD,6.46 USD,22-09-2020,15:51:00,0 USD,0 USD,MARKET,Over the Counter (OTC),1,6.46 USD
37,POS440278616,FB/US30303M1027,Buy,0.0154205,252.26 USD,3.89 USD,22-09-2020,15:51:00,0 USD,0 USD,MARKET,Over the Counter (OTC),1,3.89 USD
38,POS440278788,COST/US22160K1051,Buy,0.0083718,341.62 USD,2.86 USD,22-09-2020,15:51:00,0 USD,0 USD,MARKET,Over the Counter (OTC),1,2.86 USD
39,POS440278801,SHOP/CA82509L1076,Buy,0.0021399,934.58 USD,2 USD,22-09-2020,15:51:00,0 USD,0 USD,MARKET,Over the Counter (OTC),1,2 USD
40,POS440278812,TSLA/US88160R1014,Buy,0.0150211,424.07 USD,6.37 USD,22-09-2020,15:51:00,0 USD,0 USD,MARKET,Over the Counter (OTC),1,6.37 USD
41,POS440278896,SQ/US8522341036,Buy,0.0251847,152.87 USD,3.85 USD,22-09-2020,15:51:00,0 USD,0 USD,MARKET,Over the Counter (OTC),1,3.85 USD
42,POS440278862,V/US92826C8394,Buy,0.0146851,198.16 USD,2.91 USD,22-09-2020,15:51:00,0 USD,0 USD,MARKET,Over the Counter (OTC),1,2.91 USD
43,POS440279054,JNJ/US4781601046,Buy,0.0068535,144.45 USD,0.99 USD,22-09-2020,15:51:00,0 USD,0 USD,MARKET,Over the Counter (OTC),1,0.99 USD
44,POS440278579,AAPL/US0378331005,Buy,0.0893555,110.01 USD,9.83 USD,22-09-2020,15:51:00,0 USD,0 USD,MARKET,Over the Counter (OTC),1,9.83 USD
45,POS440278547,ADBE/US00724F1012,Buy,0.0062989,476.27 USD,3 USD,22-09-2020,15:51:01,0 USD,0 USD,MARKET,Over the Counter (OTC),1,3 USD
46,POS440278735,NFLX/US64110L1061,Buy,0.0152798,482.99 USD,7.38 USD,22-09-2020,15:51:01,0 USD,0 USD,MARKET,Over the Counter (OTC),1,7.38 USD
47,POS440279017,MA/US57636Q1040,Buy,0.008617,330.74 USD,2.85 USD,22-09-2020,15:51:01,0 USD,0 USD,MARKET,Over the Counter (OTC),1,2.85 USD
48,POS440278774,SBUX/US8552441094,Buy,0.035367,83.41 USD,2.95 USD,22-09-2020,15:51:01,0 USD,0 USD,MARKET,Over the Counter (OTC),1,2.95 USD
49,POS440279167,SPOT/LU1778762911,Buy,0.0079583,240 USD,1.91 USD,22-09-2020,15:51:01,0 USD,0 USD,MARKET,Over the Counter (OTC),1,1.91 USD
50,POS440278819,NKE/US6541061031,Buy,0.0238116,114.65 USD,2.73 USD,22-09-2020,15:51:01,0 USD,0 USD,MARKET,Over the Counter (OTC),1,2.73 USD
51,POS440278946,NEE/US65339F1012,Buy,0.0035872,275.98 USD,0.99 USD,22-09-2020,15:51:01,0 USD,0 USD,MARKET,Over the Counter (OTC),1,0.99 USD
52,POS440278761,PYPL/US70450Y1038,Buy,0.0104155,186.26 USD,1.94 USD,22-09-2020,15:51:01,0 USD,0 USD,MARKET,Over the Counter (OTC),1,1.94 USD
53,POS440278885,O/US7561091049,Buy,0.03206,60.51 USD,1.94 USD,22-09-2020,15:51:04,0 USD,0 USD,MARKET,Over the Counter (OTC),1,1.94 USD
54,POS440279083,KO/US1912161007,Buy,0.019238,49.38 USD,0.95 USD,22-09-2020,15:51:06,0 USD,0 USD,MARKET,Over the Counter (OTC),1,0.95 USD
55,POS440279264,PEP/US7134481081,Buy,0.0070395,132.11 USD,0.93 USD,22-09-2020,15:51:11,0 USD,0 USD,MARKET,Over the Counter (OTC),1,0.93 USD
56,POS440280033,WM/US94106L1098,Buy,0.0079902,115.14 USD,0.92 USD,22-09-2020,15:51:13,0 USD,0 USD,MARKET,Over the Counter (OTC),1,0.92 USD
57,POS440279306,LMND/US52567D1072,Buy,0.078765,52.18 USD,4.11 USD,22-09-2020,15:51:28,0 USD,0 USD,MARKET,Over the Counter (OTC),1,4.11 USD
58,POS440278831,STOR/US8621211007,Buy,0.065434,27.05 USD,1.77 USD,22-09-2020,15:51:29,0 USD,0 USD,MARKET,Over the Counter (OTC),1,1.77 USD
59,POS440278812,TSLA/US88160R1014,Buy,0.1181272,425.05 USD,50.21 USD,22-09-2020,19:52:45,0 USD,0 USD,MARKET,Over the Counter (OTC),1,50.21 USD
1,POS440278547,ADBE/US00724F1012,Buy,0.0064877,462.41 USD,3 USD,21-09-2020,13:39:55,0 USD,0 USD,MARKET,Over the Counter (OTC),1,3 USD
2,POS440278554,BABA/US01609W1027,Buy,0.0148285,269.75 USD,4 USD,21-09-2020,13:39:55,0 USD,0 USD,MARKET,Over the Counter (OTC),1,4 USD
3,POS440278561,AMZN/US0231351067,Buy,0.00239006,2928.79 USD,7 USD,21-09-2020,13:39:55,0 USD,0 USD,MARKET,Over the Counter (OTC),1,7 USD
4,POS440278579,AAPL/US0378331005,Buy,0.0856327,105.1 USD,9 USD,21-09-2020,13:39:55,0 USD,0 USD,MARKET,Over the Counter (OTC),1,9 USD
5,POS440278616,FB/US30303M1027,Buy,0.0161661,247.43 USD,4 USD,21-09-2020,13:39:55,0 USD,0 USD,MARKET,Over the Counter (OTC),1,4 USD
6,POS440278632,DIS/US2546871060,Buy,0.0475661,126.14 USD,6 USD,21-09-2020,13:39:55,0 USD,0 USD,MARKET,Over the Counter (OTC),1,6 USD
7,POS440278645,GOOGL/US02079K3059,Buy,0.0027972,1430 USD,4 USD,21-09-2020,13:39:55,0 USD,0 USD,MARKET,Over the Counter (OTC),1,4 USD
8,POS440278687,MSFT/US5949181045,Buy,0.0202275,197.75 USD,4 USD,21-09-2020,13:39:55,0 USD,0 USD,MARKET,Over the Counter (OTC),1,4 USD
9,POS440278709,NVDA/US67066G1040,Buy,0.0124125,483.38 USD,6 USD,21-09-2020,13:39:55,0 USD,0 USD,MARKET,Over the Counter (OTC),1,6 USD
10,POS440278735,NFLX/US64110L1061,Buy,0.0148544,471.24 USD,7 USD,21-09-2020,13:39:55,0 USD,0 USD,MARKET,Over the Counter (OTC),1,7 USD
11,POS440278761,PYPL/US70450Y1038,Buy,0.0112809,177.29 USD,2 USD,21-09-2020,13:39:55,0 USD,0 USD,MARKET,Over the Counter (OTC),1,2 USD
12,POS440278774,SBUX/US8552441094,Buy,0.036236,82.79 USD,3 USD,21-09-2020,13:39:55,0 USD,0 USD,MARKET,Over the Counter (OTC),1,3 USD
13,POS440278788,COST/US22160K1051,Buy,0.0089645,334.65 USD,3 USD,21-09-2020,13:39:55,0 USD,0 USD,MARKET,Over the Counter (OTC),1,3 USD
14,POS440278801,SHOP/CA82509L1076,Buy,0.00222,900.9 USD,2 USD,21-09-2020,13:39:55,0 USD,0 USD,MARKET,Over the Counter (OTC),1,2 USD
15,POS440278812,TSLA/US88160R1014,Buy,0.0132263,453.64 USD,6 USD,21-09-2020,13:39:55,0 USD,0 USD,MARKET,Over the Counter (OTC),1,6 USD
16,POS440278819,NKE/US6541061031,Buy,0.0266571,112.54 USD,3 USD,21-09-2020,13:39:55,0 USD,0 USD,MARKET,Over the Counter (OTC),1,3 USD
17,POS440278831,STOR/US8621211007,Buy,0.073937,27.05 USD,2 USD,21-09-2020,13:39:55,0 USD,0 USD,MARKET,Over the Counter (OTC),1,2 USD
18,POS440278846,CRM/US79466L3024,Buy,0.0083191,240.41 USD,2 USD,21-09-2020,13:39:55,0 USD,0 USD,MARKET,Over the Counter (OTC),1,2 USD
19,POS440278862,V/US92826C8394,Buy,0.0149536,200.62 USD,3 USD,21-09-2020,13:39:55,0 USD,0 USD,MARKET,Over the Counter (OTC),1,3 USD
20,POS440278885,O/US7561091049,Buy,0.032792,60.99 USD,2 USD,21-09-2020,13:39:55,0 USD,0 USD,MARKET,Over the Counter (OTC),1,2 USD
21,POS440278896,SQ/US8522341036,Buy,0.028019,142.76 USD,4 USD,21-09-2020,13:39:55,0 USD,0 USD,MARKET,Over the Counter (OTC),1,4 USD
22,POS440278946,NEE/US65339F1012,Buy,0.0036335,275.21 USD,1 USD,21-09-2020,13:39:56,0 USD,0 USD,MARKET,Over the Counter (OTC),1,1 USD
23,POS440279017,MA/US57636Q1040,Buy,0.0090917,329.97 USD,3 USD,21-09-2020,13:39:56,0 USD,0 USD,MARKET,Over the Counter (OTC),1,3 USD
24,POS440279054,JNJ/US4781601046,Buy,0.0067907,147.26 USD,1 USD,21-09-2020,13:39:56,0 USD,0 USD,MARKET,Over the Counter (OTC),1,1 USD
25,POS440279083,KO/US1912161007,Buy,0.020112,49.72 USD,1 USD,21-09-2020,13:39:56,0 USD,0 USD,MARKET,Over the Counter (OTC),1,1 USD
26,POS440279167,SPOT/LU1778762911,Buy,0.0085634,233.55 USD,2 USD,21-09-2020,13:39:56,0 USD,0 USD,MARKET,Over the Counter (OTC),1,2 USD
27,POS440279264,PEP/US7134481081,Buy,0.0076946,129.96 USD,1 USD,21-09-2020,13:39:56,0 USD,0 USD,MARKET,Over the Counter (OTC),1,1 USD
28,POS440279306,LMND/US52567D1072,Buy,0.074266,53.86 USD,4 USD,21-09-2020,13:39:56,0 USD,0 USD,MARKET,Over the Counter (OTC),1,4 USD
29,POS440280033,WM/US94106L1098,Buy,0.0087896,113.77 USD,1 USD,21-09-2020,13:39:58,0 USD,0 USD,MARKET,Over the Counter (OTC),1,1 USD
30,POS440278561,AMZN/US0231351067,Buy,0.00242832,2903.24 USD,7.05 USD,21-09-2020,16:01:50,0 USD,0 USD,MARKET,Over the Counter (OTC),1,7.05 USD
31,POS440278788,COST/US22160K1051,Buy,0.008869,336 USD,2.98 USD,21-09-2020,16:01:50,0 USD,0 USD,MARKET,Over the Counter (OTC),1,2.98 USD
32,POS440278616,FB/US30303M1027,Buy,0.0161329,247.32 USD,3.99 USD,21-09-2020,16:01:50,0 USD,0 USD,MARKET,Over the Counter (OTC),1,3.99 USD
33,POS440278645,GOOGL/US02079K3059,Buy,0.00284142,1418.3 USD,4.03 USD,21-09-2020,16:01:50,0 USD,0 USD,MARKET,Over the Counter (OTC),1,4.03 USD
34,POS440279054,JNJ/US4781601046,Buy,0.0069867,144.56 USD,1.01 USD,21-09-2020,16:01:50,0 USD,0 USD,MARKET,Over the Counter (OTC),1,1.01 USD
35,POS440278687,MSFT/US5949181045,Buy,0.0198895,199.1 USD,3.96 USD,21-09-2020,16:01:50,0 USD,0 USD,MARKET,Over the Counter (OTC),1,3.96 USD
36,POS440278709,NVDA/US67066G1040,Buy,0.0120986,489.31 USD,5.92 USD,21-09-2020,16:01:50,0 USD,0 USD,MARKET,Over the Counter (OTC),1,5.92 USD
37,POS440279264,PEP/US7134481081,Buy,0.0076171,129.97 USD,0.99 USD,21-09-2020,16:01:50,0 USD,0 USD,MARKET,Over the Counter (OTC),1,0.99 USD
38,POS440278761,PYPL/US70450Y1038,Buy,0.0107824,180.85 USD,1.95 USD,21-09-2020,16:01:50,0 USD,0 USD,MARKET,Over the Counter (OTC),1,1.95 USD
39,POS440278819,NKE/US6541061031,Buy,0.0260402,113.67 USD,2.96 USD,21-09-2020,16:01:50,0 USD,0 USD,MARKET,Over the Counter (OTC),1,2.96 USD
40,POS440278801,SHOP/CA82509L1076,Buy,0.0021855,905.94 USD,1.98 USD,21-09-2020,16:01:50,0 USD,0 USD,MARKET,Over the Counter (OTC),1,1.98 USD
41,POS440278554,BABA/US01609W1027,Buy,0.0148588,269.2 USD,4 USD,21-09-2020,16:01:50,0 USD,0 USD,MARKET,Over the Counter (OTC),1,4 USD
42,POS440278632,DIS/US2546871060,Buy,0.0486122,124.66 USD,6.06 USD,21-09-2020,16:01:50,0 USD,0 USD,MARKET,Over the Counter (OTC),1,6.06 USD
43,POS440278579,AAPL/US0378331005,Buy,0.0828962,106.76 USD,8.85 USD,21-09-2020,16:01:50,0 USD,0 USD,MARKET,Over the Counter (OTC),1,8.85 USD
44,POS440279083,KO/US1912161007,Buy,0.0207,48.79 USD,1.01 USD,21-09-2020,16:01:50,0 USD,0 USD,MARKET,Over the Counter (OTC),1,1.01 USD
45,POS440278547,ADBE/US00724F1012,Buy,0.0062856,469.32 USD,2.95 USD,21-09-2020,16:01:50,0 USD,0 USD,MARKET,Over the Counter (OTC),1,2.95 USD
46,POS440278896,SQ/US8522341036,Buy,0.0264647,146.61 USD,3.88 USD,21-09-2020,16:01:50,0 USD,0 USD,MARKET,Over the Counter (OTC),1,3.88 USD
47,POS440278812,TSLA/US88160R1014,Buy,0.0139455,441 USD,6.15 USD,21-09-2020,16:01:50,0 USD,0 USD,MARKET,Over the Counter (OTC),1,6.15 USD
48,POS440278735,NFLX/US64110L1061,Buy,0.0145781,475.37 USD,6.93 USD,21-09-2020,16:01:50,0 USD,0 USD,MARKET,Over the Counter (OTC),1,6.93 USD
49,POS440278862,V/US92826C8394,Buy,0.015535,196.33 USD,3.05 USD,21-09-2020,16:01:50,0 USD,0 USD,MARKET,Over the Counter (OTC),1,3.05 USD
50,POS440278774,SBUX/US8552441094,Buy,0.036063,82.91 USD,2.99 USD,21-09-2020,16:01:50,0 USD,0 USD,MARKET,Over the Counter (OTC),1,2.99 USD
51,POS440279017,MA/US57636Q1040,Buy,0.009309,325.49 USD,3.03 USD,21-09-2020,16:01:50,0 USD,0 USD,MARKET,Over the Counter (OTC),1,3.03 USD
52,POS440280033,WM/US94106L1098,Buy,0.0086895,113.93 USD,0.99 USD,21-09-2020,16:01:50,0 USD,0 USD,MARKET,Over the Counter (OTC),1,0.99 USD
53,POS440278846,CRM/US79466L3024,Buy,0.0082579,240.98 USD,1.99 USD,21-09-2020,16:01:50,0 USD,0 USD,MARKET,Over the Counter (OTC),1,1.99 USD
54,POS440278946,NEE/US65339F1012,Buy,0.0036057,274.56 USD,0.99 USD,21-09-2020,16:01:50,0 USD,0 USD,MARKET,Over the Counter (OTC),1,0.99 USD
55,POS440278831,STOR/US8621211007,Buy,0.07557,26.73 USD,2.02 USD,21-09-2020,16:01:51,0 USD,0 USD,MARKET,Over the Counter (OTC),1,2.02 USD
56,POS440278885,O/US7561091049,Buy,0.03325,60.45 USD,2.01 USD,21-09-2020,16:01:51,0 USD,0 USD,MARKET,Over the Counter (OTC),1,2.01 USD
57,POS440279167,SPOT/LU1778762911,Buy,0.0083488,235.96 USD,1.97 USD,21-09-2020,16:01:51,0 USD,0 USD,MARKET,Over the Counter (OTC),1,1.97 USD
58,POS440279306,LMND/US52567D1072,Buy,0.075556,53.47 USD,4.04 USD,21-09-2020,16:02:39,0 USD,0 USD,MARKET,Over the Counter (OTC),1,4.04 USD
59,POS440278561,AMZN/US0231351067,Buy,0.00241096,2915.84 USD,7.03 USD,21-09-2020,17:26:30,0 USD,0 USD,MARKET,Over the Counter (OTC),1,7.03 USD
60,POS440278645,GOOGL/US02079K3059,Buy,0.00278397,1429.61 USD,3.98 USD,21-09-2020,17:26:30,0 USD,0 USD,MARKET,Over the Counter (OTC),1,3.98 USD
61,POS440278735,NFLX/US64110L1061,Buy,0.0145172,479.43 USD,6.96 USD,21-09-2020,17:26:30,0 USD,0 USD,MARKET,Over the Counter (OTC),1,6.96 USD
62,POS440279167,SPOT/LU1778762911,Buy,0.0084231,237.44 USD,2 USD,21-09-2020,17:26:30,0 USD,0 USD,MARKET,Over the Counter (OTC),1,2 USD
63,POS440278812,TSLA/US88160R1014,Buy,0.0132932,446.09 USD,5.93 USD,21-09-2020,17:26:30,0 USD,0 USD,MARKET,Over the Counter (OTC),1,5.93 USD
64,POS440278547,ADBE/US00724F1012,Buy,0.0063265,472.61 USD,2.99 USD,21-09-2020,17:26:30,0 USD,0 USD,MARKET,Over the Counter (OTC),1,2.99 USD
65,POS440278579,AAPL/US0378331005,Buy,0.0838535,107.33 USD,9 USD,21-09-2020,17:26:30,0 USD,0 USD,MARKET,Over the Counter (OTC),1,9 USD
66,POS440279017,MA/US57636Q1040,Buy,0.0091729,327.05 USD,3 USD,21-09-2020,17:26:31,0 USD,0 USD,MARKET,Over the Counter (OTC),1,3 USD
67,POS440278801,SHOP/CA82509L1076,Buy,0.0021603,916.5 USD,1.98 USD,21-09-2020,17:26:31,0 USD,0 USD,MARKET,Over the Counter (OTC),1,1.98 USD
68,POS440278885,O/US7561091049,Buy,0.033168,60.6 USD,2.01 USD,21-09-2020,17:26:31,0 USD,0 USD,MARKET,Over the Counter (OTC),1,2.01 USD
69,POS440278709,NVDA/US67066G1040,Buy,0.0120189,494.22 USD,5.94 USD,21-09-2020,17:26:32,0 USD,0 USD,MARKET,Over the Counter (OTC),1,5.94 USD
70,POS440278761,PYPL/US70450Y1038,Buy,0.0109274,182.11 USD,1.99 USD,21-09-2020,17:26:32,0 USD,0 USD,MARKET,Over the Counter (OTC),1,1.99 USD
71,POS440278896,SQ/US8522341036,Buy,0.0251472,151.11 USD,3.8 USD,21-09-2020,17:26:32,0 USD,0 USD,MARKET,Over the Counter (OTC),1,3.8 USD
72,POS440278554,BABA/US01609W1027,Buy,0.0146273,271.41 USD,3.97 USD,21-09-2020,17:26:32,0 USD,0 USD,MARKET,Over the Counter (OTC),1,3.97 USD
73,POS440278687,MSFT/US5949181045,Buy,0.019971,200.29 USD,4 USD,21-09-2020,17:26:33,0 USD,0 USD,MARKET,Over the Counter (OTC),1,4 USD
74,POS440278846,CRM/US79466L3024,Buy,0.008136,243.36 USD,1.98 USD,21-09-2020,17:26:33,0 USD,0 USD,MARKET,Over the Counter (OTC),1,1.98 USD
75,POS440279264,PEP/US7134481081,Buy,0.0077537,130.26 USD,1.01 USD,21-09-2020,17:26:33,0 USD,0 USD,MARKET,Over the Counter (OTC),1,1.01 USD
76,POS440278862,V/US92826C8394,Buy,0.0152737,197.07 USD,3.01 USD,21-09-2020,17:26:34,0 USD,0 USD,MARKET,Over the Counter (OTC),1,3.01 USD
77,POS440278632,DIS/US2546871060,Buy,0.0481445,125.04 USD,6.02 USD,21-09-2020,17:26:34,0 USD,0 USD,MARKET,Over the Counter (OTC),1,6.02 USD
78,POS440279054,JNJ/US4781601046,Buy,0.0070892,143.88 USD,1.02 USD,21-09-2020,17:26:35,0 USD,0 USD,MARKET,Over the Counter (OTC),1,1.02 USD
79,POS440278788,COST/US22160K1051,Buy,0.0089787,336.35 USD,3.02 USD,21-09-2020,17:26:35,0 USD,0 USD,MARKET,Over the Counter (OTC),1,3.02 USD
80,POS440278616,FB/US30303M1027,Buy,0.0159627,249.33 USD,3.98 USD,21-09-2020,17:26:36,0 USD,0 USD,MARKET,Over the Counter (OTC),1,3.98 USD
81,POS440279306,LMND/US52567D1072,Buy,0.08277,51.83 USD,4.29 USD,21-09-2020,17:26:36,0 USD,0 USD,MARKET,Over the Counter (OTC),1,4.29 USD
82,POS440278819,NKE/US6541061031,Buy,0.0271681,113 USD,3.07 USD,21-09-2020,17:26:36,0 USD,0 USD,MARKET,Over the Counter (OTC),1,3.07 USD
83,POS440278831,STOR/US8621211007,Buy,0.074432,26.87 USD,2 USD,21-09-2020,17:26:39,0 USD,0 USD,MARKET,Over the Counter (OTC),1,2 USD
84,POS440278946,NEE/US65339F1012,Buy,0.0037283,273.58 USD,1.02 USD,21-09-2020,17:26:39,0 USD,0 USD,MARKET,Over the Counter (OTC),1,1.02 USD
85,POS440278774,SBUX/US8552441094,Buy,0.035877,83.34 USD,2.99 USD,21-09-2020,17:26:39,0 USD,0 USD,MARKET,Over the Counter (OTC),1,2.99 USD
86,POS440279083,KO/US1912161007,Buy,0.020688,48.82 USD,1.01 USD,21-09-2020,17:26:41,0 USD,0 USD,MARKET,Over the Counter (OTC),1,1.01 USD
87,POS440280033,WM/US94106L1098,Buy,0.0088674,113.9 USD,1.01 USD,21-09-2020,17:27:09,0 USD,0 USD,MARKET,Over the Counter (OTC),1,1.01 USD
88,POS440278579,AAPL/US0378331005,Buy,0.0803538,108.52 USD,8.72 USD,21-09-2020,19:32:25,0 USD,0 USD,MARKET,Over the Counter (OTC),1,8.72 USD
89,POS440278846,CRM/US79466L3024,Buy,0.0082563,243.45 USD,2.01 USD,21-09-2020,19:32:25,0 USD,0 USD,MARKET,Over the Counter (OTC),1,2.01 USD
90,POS440278561,AMZN/US0231351067,Buy,0.002417,2912.7 USD,7.04 USD,21-09-2020,19:32:25,0 USD,0 USD,MARKET,Over the Counter (OTC),1,7.04 USD
91,POS440278616,FB/US30303M1027,Buy,0.0165502,247.73 USD,4.1 USD,21-09-2020,19:32:25,0 USD,0 USD,MARKET,Over the Counter (OTC),1,4.1 USD
92,POS440278946,NEE/US65339F1012,Buy,0.0036366,274.98 USD,1 USD,21-09-2020,19:32:25,0 USD,0 USD,MARKET,Over the Counter (OTC),1,1 USD
93,POS440278687,MSFT/US5949181045,Buy,0.0198665,200.84 USD,3.99 USD,21-09-2020,19:32:25,0 USD,0 USD,MARKET,Over the Counter (OTC),1,3.99 USD
94,POS440278812,TSLA/US88160R1014,Buy,0.013448,446.16 USD,6 USD,21-09-2020,19:32:25,0 USD,0 USD,MARKET,Over the Counter (OTC),1,6 USD
95,POS440278645,GOOGL/US02079K3059,Buy,0.00286079,1422.68 USD,4.07 USD,21-09-2020,19:32:25,0 USD,0 USD,MARKET,Over the Counter (OTC),1,4.07 USD
96,POS440278761,PYPL/US70450Y1038,Buy,0.0109559,182.55 USD,2 USD,21-09-2020,19:32:25,0 USD,0 USD,MARKET,Over the Counter (OTC),1,2 USD
97,POS440278819,NKE/US6541061031,Buy,0.0268498,112.85 USD,3.03 USD,21-09-2020,19:32:25,0 USD,0 USD,MARKET,Over the Counter (OTC),1,3.03 USD
98,POS440279083,KO/US1912161007,Buy,0.020445,48.91 USD,1 USD,21-09-2020,19:32:25,0 USD,0 USD,MARKET,Over the Counter (OTC),1,1 USD
99,POS440278862,V/US92826C8394,Buy,0.0155113,196.63 USD,3.05 USD,21-09-2020,19:32:25,0 USD,0 USD,MARKET,Over the Counter (OTC),1,3.05 USD
100,POS440278735,NFLX/US64110L1061,Buy,0.0142528,482.71 USD,6.88 USD,21-09-2020,19:32:25,0 USD,0 USD,MARKET,Over the Counter (OTC),1,6.88 USD
101,POS440279017,MA/US57636Q1040,Buy,0.0094319,325.49 USD,3.07 USD,21-09-2020,19:32:25,0 USD,0 USD,MARKET,Over the Counter (OTC),1,3.07 USD
102,POS440279054,JNJ/US4781601046,Buy,0.007009,144.1 USD,1.01 USD,21-09-2020,19:32:25,0 USD,0 USD,MARKET,Over the Counter (OTC),1,1.01 USD
103,POS440278547,ADBE/US00724F1012,Buy,0.006478,470.82 USD,3.05 USD,21-09-2020,19:32:25,0 USD,0 USD,MARKET,Over the Counter (OTC),1,3.05 USD
104,POS440278632,DIS/US2546871060,Buy,0.048933,124.66 USD,6.1 USD,21-09-2020,19:32:26,0 USD,0 USD,MARKET,Over the Counter (OTC),1,6.1 USD
105,POS440278801,SHOP/CA82509L1076,Buy,0.0021791,917.79 USD,2 USD,21-09-2020,19:32:26,0 USD,0 USD,MARKET,Over the Counter (OTC),1,2 USD
106,POS440279264,PEP/US7134481081,Buy,0.0076692,130.39 USD,1 USD,21-09-2020,19:32:26,0 USD,0 USD,MARKET,Over the Counter (OTC),1,1 USD
107,POS440278885,O/US7561091049,Buy,0.03427,60.11 USD,2.06 USD,21-09-2020,19:32:26,0 USD,0 USD,MARKET,Over the Counter (OTC),1,2.06 USD
108,POS440278896,SQ/US8522341036,Buy,0.026871,150.72 USD,4.05 USD,21-09-2020,19:32:26,0 USD,0 USD,MARKET,Over the Counter (OTC),1,4.05 USD
109,POS440278554,BABA/US01609W1027,Buy,0.0146065,272.48 USD,3.98 USD,21-09-2020,19:32:26,0 USD,0 USD,MARKET,Over the Counter (OTC),1,3.98 USD
110,POS440278709,NVDA/US67066G1040,Buy,0.0120156,496.02 USD,5.96 USD,21-09-2020,19:32:28,0 USD,0 USD,MARKET,Over the Counter (OTC),1,5.96 USD
111,POS440278788,COST/US22160K1051,Buy,0.0088952,337.26 USD,3 USD,21-09-2020,19:32:30,0 USD,0 USD,MARKET,Over the Counter (OTC),1,3 USD
112,POS440279167,SPOT/LU1778762911,Buy,0.0084706,237.29 USD,2.01 USD,21-09-2020,19:32:30,0 USD,0 USD,MARKET,Over the Counter (OTC),1,2.01 USD
113,POS440278831,STOR/US8621211007,Buy,0.078927,26.48 USD,2.09 USD,21-09-2020,19:32:32,0 USD,0 USD,MARKET,Over the Counter (OTC),1,2.09 USD
114,POS440279306,LMND/US52567D1072,Buy,0.072296,52.7 USD,3.81 USD,21-09-2020,19:32:35,0 USD,0 USD,MARKET,Over the Counter (OTC),1,3.81 USD
115,POS440278774,SBUX/US8552441094,Buy,0.036378,83.29 USD,3.03 USD,21-09-2020,19:32:35,0 USD,0 USD,MARKET,Over the Counter (OTC),1,3.03 USD
116,POS440280033,WM/US94106L1098,Buy,0.0087581,114.18 USD,1 USD,21-09-2020,19:32:38,0 USD,0 USD,MARKET,Over the Counter (OTC),1,1 USD